CODIGO,CIDADE,ESTADO
1,NI,PR
2,NI,PR
3,NI,PR
4,NI,PR
5,NI,PR
6,NI,PR
7,NI,PR
8,NI,PR
9,NI,SC
10,NI,PR
11,NI,SC
12,NI,PR
13,NI,PR
14,NI,GO
15,NI,PR
16,NI,GO
17,NI,PR
18,NI,GO
19,NI,PR
20,NI,PR
21,NI,PR
22,NI,PR
23,NI,PR
24,NI,PR
25,NI,PR
75,NI,PR
27,NI,PR
28,NI,PR
29,NI,GO
30,NI,MA
31,NI,MG
32,NI,MG
33,NI,GO
34,NI,GO
35,NI,GO
36,NI,PR
37,NI,BA
38,NI,PR
39,NI,PR
40,NI,PR
41,NI,PR
42,NI,PR
43,NI,PR
44,NI,PR
45,NI,PR
46,NI,PR
47,NI,PR
48,NI,PR
49,NI,PR
50,NI,PR
51,NI,PR
52,NI,PR
53,NI,PR
54,NI,PR
55,NI,PR
56,NI,PR
57,NI,PR
58,NI,DF
59,NI,PR
60,NI,PR
61,NI,SC
62,NI,PR
63,NI,PR
64,NI,PR
65,NI,PR
66,NI,PR
67,NI,PR
68,NI,MG
69,NI,PR
70,NI,PR
71,NI,PR
72,NI,PR
73,NI,PR
74,NI,PR
76,NI,RS
77,NI,RS
78,NI,RS
79,NI,SC
80,NI,SC
81,NI,PR
82,NI,SP
83,NI,SP
84,NI,PR
85,NI,PR
86,NI,DF
87,NI,GO
88,NI,DF
89,NI,GO
90,NI,MS
91,NI,PR
92,NI,PR
93,NI,PR
94,NI,PR
95,NI,PR
96,NI,PR
97,NI,PR
98,NI,PR
99,NI,GO
100,NI,PR
101,NI,PR
102,NI,PR
103,NI,PR
104,NI,PR
105,NI,PR
106,NI,PR
107,NI,PR
108,NI,PR
109,NI,PR
110,NI,PR
111,NI,PR
112,NI,PR
113,NI,PR
114,NI,PR
115,NI,PR
116,NI,PA
117,NI,PR
118,NI,PR
119,NI,PR
120,NI,PR
121,NI,PR
122,NI,PR
123,NI,MI
124,NI,PR
125,NI,PR
126,NI,PR
127,NI,PR
128,NI,PR
129,NI,PR
130,NI,PR
131,NI,PR
132,NI,PR
133,NI,SC
134,NI,PR
135,NI,PR
136,NI,PR
137,NI,PR
138,NI,PR
139,NI,PR
140,NI,SC
141,NI,PR
142,NI,PR
143,NI,PR
144,NI,PR
145,NI,PR
146,NI,PR
147,NI,PR
148,NI,PR
149,NI,PR
150,NI,PR
151,NI,PR
152,NI,PR
153,NI,PR
154,NI,PR
155,NI,PR
156,NI,PR
157,NI,PR
158,NI,PR
159,NI,PR
160,NI,MS
161,NI,PR
162,NI,PR
163,NI,PR
164,NI,PR
165,NI,PR
166,NI,PR
167,NI,PR
168,NI,PR
169,NI,PR
170,NI,PR
171,NI,PR
172,NI,PR
173,NI,PR
175,NI,PR
176,NI,PR
177,NI,PR
253,NI,PR
179,NI,PR
180,NI,GO
181,NI,PR
182,NI,PR
183,NI,PR
184,NI,MG
185,NI,DF
186,NI,DF
187,NI,PR
188,NI,PR
189,NI,PR
190,NI,MG
191,NI,MG
192,NI,SP
193,NI,TO
194,NI,PR
195,NI,PR
196,NI,PR
197,NI,BA
198,NI,PR
199,NI,PR
200,NI,PR
201,NI,PR
202,NI,PR
203,NI,PR
204,NI,PR
205,NI,PR
206,NI,PR
207,NI,MS
208,NI,PR
209,NI,PR
210,NI,SP
211,NI,PR
212,NI,PR
213,NI,PR
214,NI,PR
215,NI,PR
216,NI,PR
217,NI,PR
218,NI,PR
219,NI,PR
220,NI,SC
221,NI,PR
222,NI,PR
223,NI,PR
224,NI,PR
225,NI,BA
226,NI,PR
227,NI,PR
228,NI,PR
229,NI,PR
230,NI,PR
231,NI,PR
232,NI,PR
233,NI,PR
234,NI,PR
235,NI,PR
236,NI,PR
237,NI,PR
238,NI,PR
239,NI,PR
240,NI,PR
241,NI,PR
242,NI,PR
243,NI,PR
244,NI,PR
245,NI,TO
246,NI,PR
247,NI,PR
248,NI,PR
249,NI,GO
250,NI,PR
251,NI,PR
252,NI,PR
254,NI,GO
255,NI,PR
256,NI,PR
257,NI,PR
258,NI,PR
259,NI,PR
260,NI,PR
261,NI,PR
262,NI,PR
263,NI,GO
264,NI,PR
265,NI,PR
266,NI,PR
267,NI,MS
268,NI,PR
269,NI,MS
270,NI,PR
271,NI,SP
272,NI,SC
273,NI,GO
274,NI,GO
275,NI,RS
276,NI,GO
277,NI,PR
278,NI,PR
279,NI,SP
280,NI,GO
281,NI,GO
282,NI,PR
481,NI,PR
284,NI,PR
285,NI,PR
286,NI,PA
287,NI,PR
288,NI,PR
289,NI,PR
290,NI,PR
291,NI,MG
292,NI,PR
293,NI,PR
294,NI,PR
295,NI,PR
296,NI,PR
297,NI,PR
298,NI,PR
299,NI,GO
300,NI,GO
301,NI,GO
302,NI,PR
303,NI,PR
304,NI,DF
305,NI,MG
306,NI,PR
307,NI,MG
308,NI,GO
309,NI,GO
310,NI,SC
311,NI,PR
312,NI,GO
313,NI,PR
314,NI,PR
315,NI,PR
316,NI,SC
317,NI,PR
318,NI,PR
319,NI,PR
321,NI,MS
322,NI,PR
323,NI,PR
324,NI,PR
325,NI,MG
326,NI,PR
327,NI,PR
328,NI,PR
329,NI,MG
330,NI,PR
331,NI,PR
332,NI,PR
333,NI,PR
334,NI,PR
335,NI,PR
336,NI,PR
337,NI,PR
338,NI,SC
339,NI,PR
340,NI,PR
341,NI,PR
342,NI,MG
343,NI,PR
344,NI,PR
345,NI,ES
346,NI,PR
347,NI,PR
348,NI,PR
349,NI,PR
350,NI,PR
351,NI,PR
352,NI,PR
353,NI,SP
354,NI,MS
355,NI,PR
356,NI,SP
357,NI,PR
358,NI,PR
359,NI,PR
360,NI,MS
361,NI,BA
362,NI,PR
363,NI,BA
364,NI,MG
365,NI,PR
366,NI,SC
367,NI,PR
368,NI,PR
369,NI,PR
370,NI,PR
371,NI,PR
372,NI,PR
373,NI,PR
374,NI,PR
375,NI,MS
376,NI,MG
377,NI,PR
378,NI,PR
379,NI,PR
380,NI,PR
381,NI,BA
382,NI,PR
383,NI,BA
384,NI,GO
385,NI,BA
386,NI,PR
387,NI,MG
388,NI,SC
389,NI,PR
390,NI,PR
391,NI,PR
392,NI,PR
393,NI,PR
394,NI,MG
395,NI,MS
396,NI,PR
397,NI,PR
398,NI,PR
399,NI,SC
400,NI,SC
401,NI,PR
402,NI,SC
403,NI,PR
404,NI,SC
405,NI,SC
406,NI,SC
407,NI,SC
408,NI,PR
409,NI,PR
410,NI,PR
411,NI,SC
412,NI,PR
413,NI,MS
414,NI,PR
415,NI,PR
416,NI,PR
417,NI,BA
418,NI,GO
419,NI,PR
420,NI,PR
421,NI,SC
422,NI,SC
423,NI,BA
424,NI,PR
425,NI,PR
426,NI,SC
427,NI,TO
428,NI,PR
429,NI,PR
430,NI,PR
431,NI,PR
432,NI,PR
433,NI,PR
434,NI,PR
435,NI,PR
436,NI,GO
437,NI,PR
438,NI,PR
439,NI,PR
440,NI,DF
441,NI,DF
442,NI,GO
443,NI,GO
444,NI,PR
445,NI,GO
446,NI,PR
447,NI,PR
448,NI,PR
449,NI,PR
450,NI,PR
451,NI,PR
452,NI,PR
453,NI,PR
454,NI,SP
455,NI,PR
482,NI,PR
457,NI,PR
458,NI,SC
459,NI,SC
460,NI,PR
461,NI,PR
462,NI,PR
463,NI,MG
464,NI,PR
465,NI,MS
466,NI,PR
467,NI,PR
468,NI,GO
469,NI,MS
470,NI,PR
471,NI,DF
472,NI,PR
473,NI,MS
474,NI,PR
475,NI,PA
476,NI,PR
477,NI,PR
478,NI,PR
479,NI,PR
483,NI,PR
480,NI,GO
484,NI,SP
485,NI,PR
486,NI,PR
487,NI,PR
488,NI,PR
489,NI,PR
490,NI,GO
491,NI,PR
492,NI,PR
493,NI,PR
494,NI,GO
495,NI,BA
496,NI,PR
497,NI,PR
498,NI,PR
499,NI,PR
500,NI,PR
501,NI,PR
502,NI,PR
503,NI,PR
504,NI,PR
505,NI,PR
506,NI,PR
507,NI,PR
508,NI,MS
509,NI,PR
510,NI,SC
511,NI,PR
512,NI,PR
513,NI,PR
514,NI,PR
515,NI,BA
516,NI,RS
517,NI,SC
518,NI,PR
519,NI,ES
520,NI,MS
521,NI,MS
522,NI,PR
523,NI,PR
524,NI,SC
525,NI,
526,NI,PR
527,NI,MS
528,NI,PR
529,NI,GO
530,NI,MS
531,NI,SC
532,NI,MS
533,NI,SC
534,NI,MS
535,NI,PR
536,NI,PR
537,NI,MS
538,NI,PR
539,NI,PR
540,NI,PR
541,NI,MS
542,NI,PR
543,NI,GO
544,NI,PR
545,NI,SC
546,NI,PR
547,NI,PR
548,NI,TO
549,NI,PR
550,NI,SP
551,NI,PR
552,NI,PR
553,NI,PR
554,NI,PR
555,NI,GO
556,NI,MG
557,NI,GO
558,NI,GO
559,NI,MG
560,NI,PR
561,NI,MS
562,NI,MS
563,NI,MS
564,NI,MS
565,NI,MS
566,NI,GO
567,NI,PR
568,NI,PR
569,NI,PR
570,NI,PR
571,NI,PR
572,NI,PR
573,NI,PR
574,NI,PR
575,NI,SC
576,NI,PR
577,NI,MG
578,NI,MS
579,NI,MS
580,NI,MS
581,NI,MS
582,NI,PR
586,NI,MS
584,NI,GO
587,NI,GO
588,NI,GO
589,NI,PR
585,NI,PR
590,NI,PR
591,NI,MS
592,NI,MT
593,NI,MT
594,NI,MT
595,NI,MT
596,NI,MT
597,NI,MS
598,NI,MT
599,NI,MS
600,NI,MT
601,NI,MT
602,NI,MT
607,NI,MT
603,NI,MT
604,NI,MT
605,NI,MT
606,NI,MT
608,NI,MT
609,NI,MT
610,NI,MT
611,NI,MS
612,NI,MT
613,NI,MT
614,NI,MT
615,NI,MT
616,NI,MT
617,NI,MT
618,NI,MT
619,NI,MS
620,NI,MT
621,NI,MT
622,NI,PR
623,NI,PR
624,NI,PR
625,NI,PR
626,NI,PR
627,NI,PR
628,NI,PR
629,NI,MG
630,NI,PR
631,NI,PR
632,NI,MS
633,NI,PR
634,NI,GO
635,NI,GO
636,NI,PR
637,NI,PR
638,NI,PR
639,NI,SC
640,NI,PR
641,NI,PR
642,NI,PR
643,NI,PR
644,NI,PR
645,NI,PR
646,NI,PR
647,NI,PR
648,NI,BA
649,NI,PR
650,NI,PR
651,NI,PR
652,NI,BA
653,NI,PR
654,NI,PR
655,NI,PR
656,NI,PR
657,NI,BA
658,NI,PR
659,NI,PR
660,NI,PR
661,NI,MG
663,NI,MG
662,NI,MG
664,NI,MG
665,NI,PR
666,NI,PR
667,NI,PR
668,NI,PR
669,NI,PR
670,NI,GO
671,NI,PR
672,NI,PR
673,NI,PR
674,NI,PR
675,NI,PR
676,NI,PR
677,NI,GO
678,NI,TO
679,NI,BA
680,NI,PR
681,NI,PR
682,NI,GO
683,NI,BA
684,NI,BA
685,NI,PR
686,NI,PR
687,NI,PR
688,NI,GO
689,NI,GO
690,NI,MG
691,NI,GO
692,NI,GO
693,NI,GO
694,NI,GO
695,NI,PR
696,NI,PR
697,NI,PR
698,NI,PR
699,NI,PR
700,NI,PR
701,NI,PR
702,NI,PR
703,NI,MG
704,NI,PR
705,NI,MS
706,NI,PR
707,NI,PR
708,NI,PR
709,NI,PR
710,NI,PR
711,NI,PR
712,NI,PR
713,NI,PR
714,NI,PR
715,NI,PR
716,NI,SC
717,NI,PR
718,NI,PR
719,NI,MG
720,NI,GO
721,NI,PR
722,NI,BA
723,NI,GO
724,NI,PR
725,NI,PR
726,NI,PR
727,NI,MS
728,NI,SC
729,NI,PR
730,NI,PR
731,NI,PR
732,NI,PR
733,NI,SC
734,NI,PR
735,NI,PR
736,NI,PR
737,NI,PR
738,NI,PR
739,NI,PR
740,NI,GO
741,NI,PR
742,NI,PR
743,NI,PR
744,NI,PR
745,NI,PR
746,NI,PR
747,NI,PR
748,NI,PR
749,NI,PR
750,NI,PR
751,NI,PR
752,NI,PR
753,NI,PR
754,NI,PR
755,NI,PR
756,NI,PR
757,NI,SC
758,NI,SC
759,NI,SC
760,NI,SC
761,NI,SC
762,NI,SC
763,NI,PR
764,NI,SC
765,NI,PR
766,NI,SC
767,NI,PR
768,NI,PR
769,NI,SP
770,NI,ES
771,NI,PR
772,NI,PR
773,NI,PR
774,NI,PR
775,NI,PR
776,NI,MG
777,NI,PR
778,NI,PR
779,NI,PR
780,NI,PR
781,NI,PR
782,NI,PR
783,NI,PR
784,NI,PR
785,NI,PR
786,NI,PR
787,NI,PR
788,NI,SP
789,NI,PR
790,NI,PR
791,NI,PR
792,NI,PR
793,NI,PR
794,NI,PR
795,NI,PR
796,NI,PR
797,NI,PR
798,NI,PR
799,NI,PR
800,NI,PR
801,NI,PR
802,NI,PR
803,NI,PR
804,NI,MS
805,NI,MS
806,NI,MS
807,NI,MS
808,NI,MS
809,NI,MS
810,NI,MS
811,NI,MS
812,NI,MS
813,NI,MS
814,NI,MS
815,NI,MS
816,NI,MS
817,NI,MS
818,NI,MS
819,NI,MS
820,NI,MS
821,NI,MS
822,NI,MS
823,NI,MS
824,NI,MS
825,NI,MS
826,NI,MS
827,NI,MS
828,NI,MS
829,NI,MS
830,NI,MS
831,NI,MS
832,NI,MS
833,NI,MS
834,NI,MS
835,NI,MS
836,NI,MS
837,NI,MS
838,NI,MS
839,NI,MS
840,NI,MS
841,NI,MS
842,NI,MS
843,NI,MS
844,NI,PR
845,NI,MS
846,NI,MS
847,NI,MS
848,NI,MS
849,NI,MS
850,NI,MS
851,NI,MS
852,NI,MS
853,NI,MS
854,NI,MS
855,NI,MS
856,NI,MS
857,NI,MS
858,NI,MS
859,NI,MS
860,NI,MS
861,NI,MS
862,NI,MS
863,NI,MS
864,NI,MS
865,NI,MS
866,NI,MS
867,NI,MS
868,NI,MS
869,NI,MS
870,NI,MS
871,NI,MS
872,NI,MS
873,NI,MS
874,NI,MS
875,NI,MS
876,NI,MS
877,NI,MS
878,NI,MS
879,NI,MS
880,NI,MS
881,NI,MS
882,NI,MS
883,NI,PR
884,NI,PR
885,NI,PR
886,NI,MS
887,NI,MS
888,NI,MS
889,NI,PR
890,NI,PR
891,NI,PR
892,NI,PR
893,NI,PR
894,NI,PR
895,NI,PR
896,NI,PR
897,NI,PR
898,NI,PR
899,NI,PR
900,NI,PR
901,NI,PR
902,NI,TO
903,NI,PR
904,NI,PR
905,NI,PR
906,NI,PR
907,NI,PR
908,NI,MS
909,NI,PR
910,NI,PR
911,NI,PR
912,NI,PR
913,NI,PR
914,NI,PR
915,NI,PR
916,NI,RS
917,NI,ES
918,NI,MG
919,NI,SC
920,NI,MS
921,NI,ES
922,NI,PR
923,NI,SC
924,NI,SC
925,NI,SC
926,NI,MS
927,NI,PR
928,NI,PR
929,NI,MS
930,NI,MS
931,NI,PR
932,NI,PR
933,NI,PR
934,NI,MG
935,NI,PR
936,NI,PR
937,NI,PR
938,NI,MS
939,NI,MS
940,NI,PR
941,NI,PR
942,NI,PR
943,NI,MG
944,NI,PR
945,NI,PR
946,NI,BA
947,NI,PR
948,NI,PR
949,NI,BA
950,NI,PR
951,NI,PR
952,NI,PR
953,NI,MS
954,NI,SC
955,NI,BA
956,NI,PR
957,NI,BA
958,NI,PR
959,NI,SC
960,NI,MS
961,NI,MG
962,NI,MS
963,NI,MG
964,NI,PR
965,NI,SC
966,NI,BA
967,NI,PR
968,NI,PR
969,NI,MG
970,NI,PR
971,NI,PR
972,NI,PR
973,NI,PR
974,NI,MG
975,NI,PR
976,NI,PR
977,NI,PR
978,NI,PR
979,NI,PR
980,NI,MG
981,NI,GO
982,NI,PR
983,NI,PR
984,NI,MG
985,NI,GO
986,NI,MG
987,NI,PR
988,NI,PR
989,NI,PR
990,NI,PR
991,NI,PR
992,NI,PR
993,NI,PR
994,NI,PR
995,NI,PR
996,NI,SC
997,NI,MG
998,NI,SC
999,NI,MG
1000,NI,PR
1001,NI,MG
1002,NI,PR
1003,NI,PR
1004,NI,PR
1005,NI,PR
1006,NI,PR
1007,NI,PR
1008,NI,PR
1009,NI,SC
1010,NI,SC
1011,NI,PR
1012,NI,PR
1013,NI,MG
1014,NI,PR
1015,NI,TO
1016,NI,TO
1017,NI,TO
1018,NI,TO
1019,NI,TO
1020,NI,TO
1021,NI,TO
1022,NI,PR
1023,NI,PR
1024,NI,PR
1025,NI,PR
1026,NI,PR
1027,NI,PR
1028,NI,AM
1029,NI,PR
1030,NI,PR
1031,NI,PR
1032,NI,SP
1033,NI,SP
1034,NI,SC
1035,NI,PR
1036,NI,MT
1037,NI,PR
1038,NI,PR
1039,NI,SP
1040,NI,PR
1041,NI,PR
1042,NI,SC
5629,NI,PA
1043,NI,PR
1044,NI,PR
1045,NI,PR
1046,NI,SP
1047,NI,PR
1048,NI,PR
1049,NI,PR
1050,NI,PR
1051,NI,PR
1052,NI,PR
1053,NI,PR
1054,NI,PR
1055,NI,PR
1056,NI,PR
1057,NI,PR
1058,NI,PR
5630,NI,PA
1059,NI,PR
1060,NI,PR
1061,NI,SC
1062,NI,SC
1063,NI,PR
1064,NI,PR
1065,NI,PR
1066,NI,SP
1067,NI,SP
1068,NI,PR
1069,NI,PR
1070,NI,MT
1071,NI,PR
1072,NI,PR
1073,NI,PR
1074,NI,SP
1075,NI,PR
1076,NI,PR
1077,NI,SP
1078,NI,PR
1079,NI,PR
1080,NI,PR
1081,NI,PR
1082,NI,PR
1083,NI,PR
1084,NI,PR
1085,NI,PR
1086,NI,PR
1087,NI,PR
1088,NI,PR
1089,NI,PR
1090,NI,PR
1091,NI,PR
1092,NI,PR
1093,NI,PR
1094,NI,PR
1095,NI,PR
1096,NI,PR
1097,NI,PR
1098,NI,PR
1099,NI,PR
1100,NI,PR
1101,NI,PR
1102,NI,PR
1103,NI,PR
1104,NI,PR
1105,NI,PR
1106,NI,PR
5631,NI,TO
1107,NI,PR
1108,NI,PR
1109,NI,PR
1110,NI,PR
1111,NI,PR
1112,NI,PR
1113,NI,PR
1114,NI,PR
1115,NI,PR
1116,NI,PR
1117,NI,PR
1118,NI,PR
1119,NI,PR
1120,NI,PR
1121,NI,PR
1122,NI,PR
1123,NI,PR
1124,NI,PR
1125,NI,PR
1126,NI,PR
1127,NI,PR
1128,NI,PR
1129,NI,PR
1130,NI,PR
1131,NI,PR
1132,NI,PR
1133,NI,PR
1134,NI,PR
1135,NI,PR
1136,NI,MS
1137,NI,MS
1138,NI,PR
1139,NI,PR
1140,NI,PR
1141,NI,PR
1142,NI,PR
1143,NI,PR
1144,NI,PR
1145,NI,PR
1146,NI,PR
1147,NI,PR
1148,NI,PR
1149,NI,PR
1150,NI,PR
1151,NI,PR
1152,NI,PR
1153,NI,PR
1154,NI,MS
1155,NI,PR
1156,NI,PR
1157,NI,PR
1158,NI,PR
1159,NI,PR
1160,NI,PR
1161,NI,PR
1162,NI,PR
1163,NI,PR
1164,NI,PR
1165,NI,PR
1166,NI,PR
1167,NI,PR
1168,NI,PR
1169,NI,PR
1170,NI,SP
1171,NI,PR
1172,NI,SP
1173,NI,PR
1174,NI,PR
1175,NI,PR
1176,NI,PR
1177,NI,PR
1178,NI,SC
1179,NI,SP
1180,NI,PR
1181,NI,PR
1182,NI,SC
1183,NI,PR
1184,NI,PR
1185,NI,PR
1186,NI,PR
1187,NI,SC
1188,NI,SC
1189,NI,SC
1190,NI,PR
1191,NI,MS
1192,NI,PR
1193,NI,PR
1194,NI,PR
1195,NI,PR
1196,NI,PR
1197,NI,PR
1198,NI,PR
1199,NI,PR
1200,NI,PR
1201,NI,RO
1202,NI,RO
1203,NI,MS
1204,NI,SP
1205,NI,SP
1208,NI,SP
1207,NI,SP
1209,NI,PR
1210,NI,PR
1211,NI,PR
1212,NI,PR
1213,NI,MT
1214,NI,MT
1215,NI,MT
1216,NI,MT
1217,NI,MT
1218,NI,MT
1219,NI,MT
1220,NI,MT
1221,NI,MT
1222,NI,MT
1223,NI,MT
1224,NI,MT
1225,NI,MT
1226,NI,MT
1227,NI,MT
1228,NI,MT
1229,NI,MT
1230,NI,MT
1231,NI,MT
1232,NI,MT
1233,NI,MT
1234,NI,MT
1235,NI,MT
1236,NI,MT
1237,NI,MT
1238,NI,MT
1239,NI,MT
1240,NI,MT
1241,NI,MT
1242,NI,MT
1243,NI,MT
1244,NI,MT
1245,NI,MT
1246,NI,MT
1247,NI,MT
1248,NI,MT
1249,NI,MT
1250,NI,MT
1251,NI,MT
1252,NI,MT
1253,NI,MT
1254,NI,MT
1255,NI,MT
1256,NI,MT
1257,NI,SP
1258,NI,PR
1259,NI,PR
1260,NI,SP
1261,NI,SP
1262,NI,SP
1263,NI,PR
1264,NI,PR
1265,NI,PR
1266,NI,PR
1267,NI,PR
1268,NI,PR
1269,NI,SC
1270,NI,SC
1271,NI,PR
1272,NI,SP
1273,NI,PR
1274,NI,RS
6111,NI,GO
1276,NI,PR
1277,NI,SC
1278,NI,PR
1279,NI,MG
1280,NI,SP
1281,NI,PR
1282,NI,SC
1283,NI,PR
3668,NI,MT
1284,NI,PR
1285,NI,RJ
1286,NI,PR
1287,NI,PR
1288,NI,SP
1289,NI,MS
1290,NI,MS
1291,NI,MS
1292,NI,MT
1293,NI,MT
1294,NI,MT
1295,NI,MT
1296,NI,MT
1297,NI,MT
1298,NI,MT
1299,NI,MT
1300,NI,MT
1301,NI,MT
1398,NI,MT
1303,NI,MT
1304,NI,MT
1305,NI,MT
1306,NI,MT
1307,NI,MT
1308,NI,MT
1309,NI,MT
1310,NI,MT
1311,NI,MT
1312,NI,MT
1313,NI,MT
1314,NI,MT
1315,NI,MT
1316,NI,MT
1317,NI,MT
3669,NI,MT
1318,NI,MT
1319,NI,MT
1320,NI,MT
1321,NI,MT
1322,NI,MT
1323,NI,MT
1324,NI,MT
1325,NI,MT
1326,NI,PR
1327,NI,SP
1328,NI,
1329,NI,
1330,NI,PR
1331,NI,
1332,NI,
1333,NI,RJ
1334,NI,SP
1335,NI,PR
1336,NI,PR
1337,NI,MG
1338,NI,PR
1339,NI,PR
1340,NI,PR
1341,NI,PR
1342,NI,PR
1343,NI,PR
1344,NI,PR
1345,NI,PR
1346,NI,MG
1347,NI,SC
1348,NI,PR
1349,NI,RJ
1350,NI,BA
1351,NI,PA
1352,NI,RS
1353,NI,PR
1354,NI,SC
1355,NI,SC
1356,NI,PR
1357,NI,PR
1358,NI,PR
1359,NI,PR
1360,NI,MS
1361,NI,
1362,NI,MS
1363,NI,MS
1364,NI,MS
1365,NI,MS
1366,NI,MS
1367,NI,MS
1368,NI,MS
1369,NI,MS
1370,NI,MS
1371,NI,MS
1372,NI,MS
1373,NI,MS
1374,NI,MS
1375,NI,MS
1376,NI,MS
1377,NI,MS
1378,NI,MS
1379,NI,MS
1380,NI,MS
1381,NI,MS
1382,NI,MS
1383,NI,MS
1384,NI,MS
1385,NI,MS
1386,NI,MS
1387,NI,MS
1388,NI,MS
1389,NI,ES
1390,NI,MT
1391,NI,MT
1392,NI,MT
1393,NI,MT
1394,NI,MT
1395,NI,MT
1396,NI,MT
1397,NI,MT
1399,NI,MT
1400,NI,MT
1401,NI,MT
1402,NI,MT
1403,NI,MT
1404,NI,MT
1405,NI,MT
1406,NI,MT
1407,NI,MT
1408,NI,MT
1409,NI,MT
1410,NI,MT
1411,NI,MT
1412,NI,MT
1413,NI,MT
1414,NI,MT
1415,NI,MT
1416,NI,MT
1417,NI,MT
1418,NI,MT
1419,NI,MT
1420,NI,MT
1421,NI,MT
1422,NI,MT
1423,NI,MT
1424,NI,MT
1425,NI,MT
1426,NI,MT
1427,NI,MT
1428,NI,MT
1429,NI,PR
1430,NI,PR
1431,NI,SP
1432,NI,SP
1433,NI,SP
1434,NI,PR
1435,NI,PR
1436,NI,PR
1437,NI,PR
1438,NI,SC
1439,NI,PR
1440,NI,PR
1441,NI,PR
1442,NI,PR
1443,NI,PR
1444,NI,PR
1445,NI,PR
1446,NI,MS
1447,NI,MS
1448,NI,PR
1449,NI,PR
1450,NI,PR
1451,NI,PR
1452,NI,PR
1453,NI,PR
1454,NI,MS
1455,NI,PR
1456,NI,PR
1457,NI,PR
1458,NI,PR
1459,NI,MS
1460,NI,PR
1461,NI,MS
1462,NI,MS
1463,NI,PR
1464,NI,MS
1465,NI,MS
1466,NI,MS
1467,NI,MS
1468,NI,PR
1469,NI,PR
1470,NI,PR
1471,NI,PR
1472,NI,PR
1473,NI,PR
1474,NI,MS
1475,NI,MS
1476,NI,PR
1477,NI,PR
1478,NI,PR
1479,NI,PR
1480,NI,PR
1481,NI,PR
1482,NI,PR
1483,NI,PR
1484,NI,PR
1485,NI,PR
1486,NI,PR
1487,NI,PR
1488,NI,PR
1489,NI,PR
1490,NI,SP
1491,NI,PR
1492,NI,PR
1493,NI,PR
1494,NI,PR
1495,NI,PR
1496,NI,PR
1497,NI,PR
1498,NI,PR
1499,NI,PR
1500,NI,PR
1501,NI,PR
1502,NI,PR
1503,NI,PR
1504,NI,PR
1505,NI,PR
1506,NI,PR
1507,NI,PR
1508,NI,SC
1509,NI,RJ
1510,NI,PR
1511,NI,SC
1512,NI,SC
1513,NI,PR
1514,NI,PR
1515,NI,PR
1516,NI,PR
1517,NI,PR
1518,NI,PR
1519,NI,SC
1520,NI,PR
1521,NI,PR
1522,NI,PR
1523,NI,PR
1524,NI,RS
1525,NI,PR
1526,NI,SC
1527,NI,SC
1528,NI,RS
1529,NI,PR
1530,NI,PR
1531,NI,PR
1532,NI,PR
1533,NI,PR
1534,NI,PR
1535,NI,PR
1536,NI,PR
1537,NI,PR
1538,NI,PR
1539,NI,PR
1540,NI,PR
1541,NI,PR
1542,NI,PR
1543,NI,PR
1544,NI,DF
1545,NI,DF
1546,NI,GO
1547,NI,DF
1548,NI,GO
1549,NI,DF
1550,NI,GO
1551,NI,GO
1552,NI,TO
1553,NI,TO
1554,NI,TO
1555,NI,TO
1556,NI,TO
1557,NI,TO
1558,NI,TO
1559,NI,TO
1560,NI,BA
1561,NI,MG
1562,NI,TO
1563,NI,TO
1564,NI,TO
1565,NI,TO
1566,NI,TO
1567,NI,MG
1568,NI,MG
1569,NI,MG
1570,NI,MG
1571,NI,MG
1572,NI,MG
1573,NI,MG
1574,NI,PR
1575,NI,PR
1576,NI,PR
1577,NI,PR
1578,NI,PR
1579,NI,PR
1580,NI,PR
1581,NI,MS
1582,NI,MS
1583,NI,MS
1584,NI,MS
1585,NI,MS
1586,NI,MS
1587,NI,MS
1588,NI,MS
1589,NI,MS
1590,NI,MS
1591,NI,MS
1592,NI,RS
1593,NI,MS
1594,NI,MS
1595,NI,MS
1596,NI,MS
1597,NI,MS
1598,NI,MS
1599,NI,MS
1600,NI,MS
1601,NI,MS
1602,NI,MS
1603,NI,BA
1604,NI,MS
1605,NI,MS
1606,NI,RS
1607,NI,MS
1608,NI,MS
1609,NI,MS
1610,NI,MS
1611,NI,MS
1612,NI,BA
1613,NI,BA
1614,NI,MG
1615,NI,SP
1616,NI,SP
1617,NI,PR
1618,NI,PR
1619,NI,SP
1620,NI,GO
1621,NI,GO
1622,NI,GO
1623,NI,GO
1624,NI,MG
1625,NI,DF
1626,NI,DF
1627,NI,BA
1628,NI,GO
1629,NI,GO
1630,NI,MG
1631,NI,DF
3670,NI,RJ
1632,NI,DF
1633,NI,DF
1634,NI,DF
1635,NI,MG
1636,NI,GO
1637,NI,MG
1638,NI,GO
1639,NI,GO
1640,NI,DF
1641,NI,DF
1642,NI,GO
1643,NI,DF
1644,NI,DF
1645,NI,BA
1646,NI,GO
1647,NI,PR
1648,NI,GO
1649,NI,RS
1650,NI,RS
1651,NI,RS
1652,NI,PR
1653,NI,PR
1654,NI,PR
1655,NI,PR
1656,NI,PR
1657,NI,PR
1658,NI,PR
1659,NI,SC
1660,NI,PR
1661,NI,PR
1662,NI,PR
1663,NI,PR
1664,NI,PR
1665,NI,PR
1666,NI,SC
1667,NI,PR
1668,NI,PR
1669,NI,PR
1670,NI,PR
1671,NI,PR
1672,NI,PR
1673,NI,PR
1674,NI,PR
1675,NI,PR
1676,NI,PR
1677,NI,PR
1678,NI,PR
1679,NI,PR
1680,NI,PR
1681,NI,PR
1682,NI,PR
1683,NI,PR
1684,NI,SC
1685,NI,PR
1686,NI,PR
1687,NI,PR
1688,NI,PR
1689,NI,PR
1690,NI,PR
1691,NI,PR
1692,NI,PR
1693,NI,PR
1694,NI,PR
1695,NI,PR
1696,NI,PR
1697,NI,PR
1698,NI,PR
1699,NI,PR
1700,NI,PR
1701,NI,PR
1702,NI,PR
1703,NI,SC
1704,NI,PR
1705,NI,PR
1706,NI,SC
1707,NI,PR
1708,NI,PR
1709,NI,PR
1710,NI,PR
1711,NI,PR
1712,NI,PR
1713,NI,MT
1714,NI,MS
1715,NI,MT
1716,NI,MT
1717,NI,MT
1718,NI,MT
1719,NI,MT
1720,NI,MT
1721,NI,MT
1722,NI,MT
1723,NI,MT
1724,NI,MT
1725,NI,MT
1726,NI,MT
1727,NI,MT
1728,NI,MT
1729,NI,MT
1730,NI,MT
1731,NI,MT
1732,NI,MT
1733,NI,MT
1734,NI,PR
1735,NI,PR
1736,NI,PR
1737,NI,PR
1738,NI,PR
1739,NI,PR
1740,NI,PR
1741,NI,PR
1742,NI,PR
1743,NI,PR
1744,NI,PR
1745,NI,PR
1746,NI,PR
1747,NI,PR
1748,NI,PR
1749,NI,PR
1750,NI,PR
1751,NI,PR
1752,NI,PR
1753,NI,MG
1754,NI,PR
1755,NI,PR
1756,NI,GO
1757,NI,PR
1758,NI,PR
1759,NI,PR
1760,NI,BA
1761,NI,PR
1762,NI,PR
1763,NI,SC
1764,NI,PR
1765,NI,PR
1766,NI,PR
1767,NI,SP
1768,NI,SP
1769,NI,SP
1770,NI,PR
1771,NI,MS
1772,NI,MG
1773,NI,SC
1774,NI,PR
1775,NI,MS
1776,NI,GO
1777,NI,MG
1778,NI,PI
1779,NI,PR
1780,NI,SC
1781,NI,MG
1782,NI,RS
1783,NI,RS
1784,NI,MA
1785,NI,RS
1786,NI,ES
1787,NI,SC
1788,NI,BA
1789,NI,BA
1790,NI,BA
1791,NI,PR
1792,NI,
1793,NI,
1794,NI,MG
1795,NI,PR
1796,NI,
1797,NI,BA
1798,NI,
1799,NI,
1800,NI,SC
1801,NI,
1802,NI,ES
1803,NI,SC
1804,NI,PR
1805,NI,
1806,NI,
1807,NI,
1808,NI,
1809,NI,
1810,NI,MG
1811,NI,
1812,NI,
1813,NI,
1814,NI,
1815,NI,
1816,NI,
1817,NI,
1818,NI,
1819,NI,
1820,NI,
1821,NI,
1822,NI,
1823,NI,
1824,NI,MA
1825,NI,RJ
1826,NI,PR
1827,NI,PR
1828,NI,PR
1829,NI,PR
1830,NI,SC
1831,NI,TO
1832,NI,PR
1833,NI,PR
1834,NI,PR
1835,NI,SC
1836,NI,PR
1837,NI,PR
1838,NI,PR
1839,NI,PR
1840,NI,PR
1841,NI,MT
1842,NI,MG
1843,NI,MG
1844,NI,SP
1845,NI,PR
1846,NI,MS
1847,NI,MT
1848,NI,MS
1849,NI,PR
1850,NI,MT
1851,NI,MS
1852,NI,PR
1853,NI,RO
1854,NI,MS
1855,NI,MS
1856,NI,PR
2917,NI,MS
1858,NI,PR
1859,NI,SC
1860,NI,SP
1861,NI,PR
1862,NI,MG
1863,NI,ES
1864,NI,SC
1865,NI,MS
1866,NI,PR
1867,NI,BA
1868,NI,MG
1869,NI,MT
1870,NI,
1871,NI,
1872,NI,
1873,NI,SC
1874,NI,PR
1875,NI,
1876,NI,PA
1877,NI,
1878,NI,PR
1879,NI,RS
1880,NI,MG
1881,NI,MG
1882,NI,PR
1883,NI,MG
1884,NI,MS
1885,NI,MG
1886,NI,MG
1887,NI,PR
1888,NI,PR
1889,NI,PR
1890,NI,RS
1891,NI,PR
1892,NI,PR
1893,NI,PR
1894,NI,BA
1895,NI,RS
1896,NI,MG
1897,NI,BA
1898,NI,PR
1899,NI,MG
1900,NI,PR
1901,NI,PR
1902,NI,MS
1903,NI,SC
1904,NI,
1905,NI,
1906,NI,
1907,NI,
1908,NI,RJ
1909,NI,BA
1910,NI,RS
1911,NI,PR
1912,NI,PR
1913,NI,BA
1914,NI,
1915,NI,PR
1916,NI,RS
1917,NI,SP
1918,NI,MT
1919,NI,MG
1920,NI,BA
1921,NI,MG
1922,NI,BA
1923,NI,PR
1924,NI,PR
1925,NI,RJ
1926,NI,MG
1927,NI,MG
1928,NI,SC
1929,NI,PR
1930,NI,SC
1931,NI,SC
1932,NI,PR
1933,NI,SP
1934,NI,MG
1935,NI,MS
1936,NI,MS
1937,NI,PR
1938,NI,MG
1939,NI,MS
1940,NI,MS
1941,NI,SC
1942,NI,SC
1943,NI,SC
1944,NI,SC
1945,NI,PR
1946,NI,BA
1947,NI,BA
1948,NI,PR
1949,NI,SC
1950,NI,MS
1951,NI,MG
1952,NI,MG
1953,NI,MS
1954,NI,PI
1955,NI,SP
1956,NI,PR
1957,NI,PR
1958,NI,
1959,NI,
1960,NI,
1961,NI,
1962,NI,
1963,NI,
1964,NI,
1965,NI,
1966,NI,
1967,NI,
1968,NI,
1969,NI,
1970,NI,
1971,NI,PR
1972,NI,PR
1973,NI,RO
1974,NI,RO
1975,NI,RO
1976,NI,RO
1981,NI,PR
1978,NI,MS
1979,NI,PR
1980,NI,PR
1982,NI,PR
1983,NI,PR
1984,NI,PR
1985,NI,PR
1986,NI,PR
1987,NI,PR
1988,NI,PR
1989,NI,PR
1990,NI,PR
1991,NI,PR
1992,NI,PR
1993,NI,PR
1994,NI,PR
1995,NI,PR
1996,NI,RS
1997,NI,RS
1998,NI,RS
1999,NI,SC
2000,NI,RS
2001,NI,RS
2002,NI,RS
2003,NI,PR
2004,NI,RS
2005,NI,RS
2006,NI,RS
2007,NI,RS
2008,NI,PR
2009,NI,PR
2010,NI,PR
2011,NI,PR
2012,NI,PR
2013,NI,PR
2014,NI,RS
2015,NI,SC
2016,NI,SC
2017,NI,PR
2018,NI,SC
2019,NI,RS
2020,NI,RS
2021,NI,PR
2022,NI,RS
2023,NI,RS
2024,NI,SC
2025,NI,RS
2026,NI,PR
2027,NI,RS
2028,NI,PR
2029,NI,PR
2030,NI,RS
2031,NI,PR
2032,NI,RS
2033,NI,RS
2034,NI,SC
2035,NI,PR
2036,NI,PR
2037,NI,PR
2038,NI,PR
2039,NI,PR
2040,NI,PR
2041,NI,PR
2042,NI,PR
2043,NI,PR
2044,NI,PR
2045,NI,PR
2046,NI,SC
2047,NI,PR
2048,NI,PR
2049,NI,PR
2050,NI,PR
2051,NI,PR
2052,NI,PR
2053,NI,PR
2054,NI,PR
2055,NI,PR
2056,NI,PR
2057,NI,RS
2058,NI,RS
2059,NI,MG
2060,NI,PR
2061,NI,PR
2062,NI,PR
2063,NI,PR
2064,NI,PR
2065,NI,SC
2066,NI,PR
2067,NI,PR
2068,NI,PR
2069,NI,PR
2070,NI,PR
2071,NI,RS
2072,NI,SC
2073,NI,PR
2074,NI,BA
2075,NI,ES
2076,NI,RS
2077,NI,PA
2078,NI,SC
2079,NI,SC
2080,NI,SC
2081,NI,SC
2082,NI,SC
2083,NI,BA
2084,NI,SC
2085,NI,PR
2086,NI,RS
2087,NI,PR
2088,NI,SC
2089,NI,PR
2090,NI,ES
2091,NI,PI
2092,NI,AM
2093,NI,PR
2094,NI,SC
2095,NI,SC
2096,NI,SC
2097,NI,SC
2098,NI,SC
2099,NI,SC
2100,NI,PR
2101,NI,SC
2102,NI,BA
2103,NI,BA
2104,NI,SC
2105,NI,SC
2106,NI,SC
2107,NI,PR
2108,NI,SC
2109,NI,BA
2110,NI,RS
2111,NI,MG
2112,NI,RS
2113,NI,RS
2114,NI,PR
2115,NI,TO
2116,NI,SC
2117,NI,RJ
2118,NI,PR
2119,NI,MS
2120,NI,SC
2121,NI,PR
2122,NI,RS
2123,NI,PR
2124,NI,PR
2125,NI,BA
2126,NI,PR
2127,NI,PR
2128,NI,PR
2129,NI,PR
2130,NI,PR
2131,NI,PR
2132,NI,PR
2133,NI,PR
2134,NI,PR
2135,NI,PR
2136,NI,PR
2137,NI,PR
2138,NI,PR
2139,NI,PR
2140,NI,BA
2141,NI,PR
2142,NI,PR
2143,NI,PR
2144,NI,PR
2145,NI,MS
2146,NI,PR
2147,NI,PR
2148,NI,PR
2149,NI,PR
2150,NI,RS
2151,NI,PR
2152,NI,PR
2153,NI,PR
2154,NI,PR
2155,NI,PR
2156,NI,PR
2157,NI,PR
2158,NI,SC
2159,NI,PR
2160,NI,PR
2161,NI,PR
2162,NI,PR
2163,NI,MG
2164,NI,PR
2165,NI,PR
2166,NI,PR
2167,NI,PR
2168,NI,PR
2169,NI,PR
2170,NI,PR
2171,NI,PR
2172,NI,MG
2173,NI,PR
2174,NI,PR
2175,NI,PR
2176,NI,PR
2177,NI,BA
2178,NI,PR
2179,NI,SC
2180,NI,RS
2181,NI,PR
2182,NI,PR
2183,NI,PR
2184,NI,PR
2185,NI,PR
2186,NI,PR
2187,NI,MG
2188,NI,MG
2189,NI,PR
2190,NI,PR
2191,NI,PR
2192,NI,PR
2193,NI,PR
2194,NI,PR
2195,NI,PR
2196,NI,PR
2197,NI,PR
2198,NI,RS
2199,NI,PR
2200,NI,PR
2201,NI,MG
2202,NI,PR
2203,NI,PR
2204,NI,MG
2205,NI,ES
2206,NI,PR
2207,NI,MG
2208,NI,PR
2209,NI,PR
2210,NI,BA
2211,NI,BA
2212,NI,PR
2213,NI,PR
2214,NI,PR
2215,NI,RJ
2216,NI,RJ
2217,NI,PR
2218,NI,PR
2219,NI,PR
2220,NI,PR
2221,NI,PR
2222,NI,PR
2223,NI,MG
2224,NI,SC
2225,NI,PR
2226,NI,RS
2227,NI,PR
2228,NI,PR
2229,NI,PR
2230,NI,PR
2231,NI,SC
2232,NI,MS
2233,NI,RS
2234,NI,MS
2235,NI,RS
2236,NI,MG
2237,NI,SP
2238,NI,MT
2239,NI,MS
2240,NI,MS
2241,NI,MT
2242,NI,MS
2243,NI,PR
2244,NI,SC
2245,NI,SC
2246,NI,SC
2247,NI,SC
2248,NI,SC
2249,NI,SC
2250,NI,SC
2251,NI,SC
2252,NI,SC
2253,NI,SC
2254,NI,SC
2255,NI,MS
2256,NI,MS
2257,NI,MS
2258,NI,MS
2259,NI,PR
2260,NI,PR
2261,NI,PR
2262,NI,PR
2263,NI,PR
2264,NI,MG
2265,NI,PR
2266,NI,PR
2267,NI,PR
2268,NI,MS
2269,NI,PR
2270,NI,PR
2271,NI,PR
2272,NI,PR
2273,NI,PR
2274,NI,PR
2275,NI,PR
2276,NI,SC
2277,NI,ES
2278,NI,PR
2279,NI,PR
2280,NI,ES
2281,NI,SC
2282,NI,DF
2283,NI,SC
2284,NI,MS
2285,NI,SC
2286,NI,SC
2287,NI,SC
2288,NI,ES
2289,NI,ES
2290,NI,SC
2291,NI,SC
2292,NI,ES
2293,NI,PR
2294,NI,SC
2295,NI,RJ
2296,NI,RS
2297,NI,SC
2298,NI,GO
2299,NI,SC
2300,NI,ES
2301,NI,PR
2302,NI,ES
2303,NI,ES
2304,NI,ES
2305,NI,ES
2306,NI,ES
2307,NI,SC
2308,NI,PR
2309,NI,ES
2310,NI,ES
2311,NI,ES
2312,NI,MS
2313,NI,PR
2314,NI,RS
2315,NI,SC
2316,NI,ES
2317,NI,SC
2318,NI,SC
2319,NI,ES
2320,NI,PR
2321,NI,RJ
2322,NI,RS
2323,NI,PR
2324,NI,BA
2325,NI,PR
2326,NI,PR
2327,NI,RS
2328,NI,PR
2329,NI,ES
2330,NI,MS
2331,NI,PR
2332,NI,PR
2333,NI,RS
2334,NI,SP
2335,NI,ES
2336,NI,PR
2337,NI,PR
2338,NI,PR
2339,NI,PR
2340,NI,MG
2341,NI,PR
2342,NI,PR
2343,NI,PR
2344,NI,PR
2345,NI,PR
2346,NI,PR
2347,NI,RJ
2348,NI,PR
2349,NI,PR
2350,NI,PR
2351,NI,PR
2352,NI,PR
2353,NI,PR
2354,NI,SP
2355,NI,MT
2356,NI,PR
2357,NI,PR
2358,NI,PR
2359,NI,PR
2360,NI,SP
2361,NI,PR
2362,NI,PR
2363,NI,PR
2364,NI,PR
2365,NI,PR
2366,NI,PR
2367,NI,PR
2368,NI,PR
2369,NI,PR
2370,NI,SP
2371,NI,PR
2372,NI,PR
2373,NI,SP
2374,NI,PR
2375,NI,PR
2376,NI,PR
2377,NI,PR
2378,NI,SP
2379,NI,SP
2380,NI,PR
2381,NI,PR
2382,NI,PR
2383,NI,PR
2384,NI,PR
2385,NI,PR
2386,NI,PR
2387,NI,PR
2388,NI,PR
2389,NI,PR
2390,NI,PR
2391,NI,PR
2392,NI,PR
2393,NI,PR
2394,NI,PR
2395,NI,PR
2396,NI,PR
2397,NI,PR
2398,NI,PR
2399,NI,PR
2400,NI,PR
2401,NI,PR
2402,NI,PR
2403,NI,MG
2404,NI,MG
2405,NI,SP
2406,NI,PR
2407,NI,PR
2408,NI,PR
2409,NI,PR
2410,NI,PR
2411,NI,BR
2412,NI,PR
2413,NI,PR
2414,NI,PR
2415,NI,PR
2416,NI,PR
2417,NI,PR
2418,NI,PR
2419,NI,PR
2420,NI,PR
2421,NI,PR
2422,NI,PR
2423,NI,PR
2424,NI,PR
2425,NI,PR
2426,NI,PR
2427,NI,PR
2428,NI,PR
2429,NI,PR
2430,NI,PR
2431,NI,PR
2432,NI,PR
2433,NI,PR
2434,NI,PR
2435,NI,PR
2436,NI,SC
2437,NI,PR
2438,NI,SP
2439,NI,PR
2440,NI,PR
2441,NI,PR
2442,NI,PR
2443,NI,PR
2444,NI,SC
2445,NI,PR
2446,NI,PR
2447,NI,PR
2448,NI,MG
2449,NI,MS
2450,NI,PR
2451,NI,SC
2452,NI,PR
2453,NI,PR
2454,NI,PR
2455,NI,PR
2456,NI,PR
2457,NI,PR
2458,NI,PR
2459,NI,SC
2460,NI,SC
2461,NI,SC
2462,NI,SC
2463,NI,SC
2464,NI,SC
2465,NI,SC
2466,NI,SC
2467,NI,SC
2468,NI,SC
2469,NI,PR
2470,NI,PR
2471,NI,PR
2472,NI,PR
2473,NI,PR
2474,NI,SC
2475,NI,BA
2476,NI,PR
2477,NI,PR
2478,NI,BA
2479,NI,RS
2480,NI,RS
2481,NI,PR
2482,NI,PR
2483,NI,PR
2484,NI,PR
2485,NI,PR
2486,NI,PR
2487,NI,PR
2488,NI,PR
2489,NI,PR
2490,NI,PR
2491,NI,PR
2492,NI,PR
2493,NI,PR
2494,NI,PR
2495,NI,PR
2496,NI,PR
2497,NI,PR
2498,NI,PR
2499,NI,SC
2500,NI,PR
2501,NI,PR
2502,NI,PR
2503,NI,PR
2504,NI,PR
2505,NI,PR
2506,NI,PR
2507,NI,PR
2508,NI,PR
2509,NI,PR
2510,NI,PR
2511,NI,RS
2512,NI,PR
2513,NI,PR
2514,NI,PR
2515,NI,PR
2516,NI,MT
2517,NI,PR
2518,NI,PR
2519,NI,PR
2520,NI,PR
2521,NI,GO
2522,NI,PR
2523,NI,PR
2524,NI,PR
2525,NI,PR
2526,NI,PR
2527,NI,PR
2528,NI,SP
2529,NI,PR
2534,NI,PR
2531,NI,PR
2532,NI,PR
2533,NI,PR
2535,NI,PR
2536,NI,PR
2537,NI,PR
2538,NI,BA
2539,NI,MS
2540,NI,PR
2541,NI,MT
2542,NI,PR
2543,NI,PR
2544,NI,PR
2545,NI,
2546,NI,GO
2547,NI,PR
2548,NI,MG
2549,NI,PR
2550,NI,
2551,NI,PR
2552,NI,SC
2553,NI,RS
2554,NI,PR
2555,NI,PR
2556,NI,RS
2557,NI,SC
2558,NI,BA
2559,NI,GO
2560,NI,BA
2561,NI,MG
2562,NI,SC
2563,NI,RS
2564,NI,RS
2565,NI,ES
2566,NI,PR
2567,NI,PR
2568,NI,MS
2569,NI,PR
2570,NI,GO
2571,NI,PR
2572,NI,PR
2573,NI,PR
2574,NI,PR
2575,NI,MG
2576,NI,PR
2577,NI,BA
2578,NI,MG
2579,NI,BA
2580,NI,MS
2581,NI,MG
2582,NI,MG
2583,NI,MS
2584,NI,TO
2585,NI,MG
2586,NI,PR
2587,NI,PR
2588,NI,RJ
2589,NI,PR
2590,NI,PR
2591,NI,RJ
2592,NI,PR
2593,NI,SP
2594,NI,PR
2595,NI,PR
2596,NI,PR
2597,NI,PR
2598,NI,PR
2599,NI,PR
2600,NI,SP
2601,NI,PR
2602,NI,PR
2603,NI,RS
2604,NI,RJ
2605,NI,PR
2606,NI,SC
2607,NI,PR
2610,NI,PR
2609,NI,PR
2611,NI,PR
2612,NI,BA
2613,NI,RS
2614,NI,PR
2615,NI,PR
2616,NI,PR
2617,NI,PR
2618,NI,PR
2619,NI,SC
2620,NI,PR
2621,NI,PR
2622,NI,PR
2623,NI,PR
2624,NI,PR
2625,NI,PR
2626,NI,PR
2627,NI,PR
2628,NI,GO
2629,NI,PR
2630,NI,RS
2631,NI,PR
2632,NI,RJ
2633,NI,RJ
2634,NI,MG
2635,NI,SC
2636,NI,
2637,NI,PR
2638,NI,PR
2639,NI,PR
2640,NI,PR
2641,NI,BA
2642,NI,BA
2643,NI,BA
2644,NI,MG
2645,NI,BA
2646,NI,MG
2647,NI,MS
2648,NI,GO
2649,NI,BA
2650,NI,PR
2651,NI,PR
2652,NI,SC
2653,NI,BA
2654,NI,MT
2655,NI,PR
2656,NI,PR
2657,NI,MG
2658,NI,PR
2659,NI,PR
2660,NI,MT
2661,NI,PR
2662,NI,PI
2663,NI,RS
2664,NI,PR
2665,NI,RJ
2666,NI,RJ
2667,NI,SP
2668,NI,RJ
2669,NI,PR
2670,NI,PR
2671,NI,PR
2672,NI,PR
2673,NI,GO
2674,NI,PR
2675,NI,PR
2676,NI,PR
2677,NI,SC
2678,NI,PR
2679,NI,PR
2680,NI,PE
2681,NI,GO
2682,NI,MG
2683,NI,PR
2684,NI,PR
2685,NI,MG
2686,NI,SC
2687,NI,PR
2688,NI,
2689,NI,PR
2690,NI,
2691,NI,
2692,NI,
2693,NI,
2694,NI,
2695,NI,SP
2696,NI,PR
2697,NI,SP
2698,NI,MS
2699,NI,PR
2700,NI,PR
2701,NI,PR
2702,NI,PR
2703,NI,SC
2704,NI,MS
2705,NI,SC
2706,NI,PR
2707,NI,PR
2708,NI,RS
2709,NI,PR
2710,NI,MG
2711,NI,PR
2712,NI,PR
2713,NI,MS
2714,NI,GO
2715,NI,MG
2716,NI,SC
2717,NI,PR
2718,NI,PR
2719,NI,MG
2720,NI,MS
2721,NI,SC
2722,NI,BA
2723,NI,RS
2724,NI,PR
2725,NI,PR
2726,NI,RS
2727,NI,RS
2728,NI,SC
2729,NI,PR
2730,NI,MS
2731,NI,PR
2732,NI,PR
2733,NI,SC
2734,NI,ES
2735,NI,MS
2736,NI,PR
2737,NI,PR
2738,NI,PR
2739,NI,PR
2740,NI,PR
2741,NI,PR
2742,NI,RS
2743,NI,PR
2744,NI,RJ
2745,NI,MT
2746,NI,SC
2747,NI,
2748,NI,
2749,NI,
2750,NI,
2751,NI,SC
2752,NI,SP
2753,NI,ES
2754,NI,PR
2755,NI,RS
2756,NI,MS
2757,NI,PR
2758,NI,PR
2759,NI,PR
2760,NI,PR
2761,NI,MS
2762,NI,PR
2763,NI,PR
2764,NI,MT
2765,NI,SC
2766,NI,PR
2767,NI,SC
2768,NI,PR
2769,NI,MT
2770,NI,
2771,NI,
2772,NI,GO
2773,NI,PR
2774,NI,
2775,NI,PR
2776,NI,SC
2777,NI,RS
2778,NI,BA
2779,NI,SC
2780,NI,PR
2781,NI,MS
2782,NI,PR
2783,NI,TO
2784,NI,
2785,NI,PR
2786,NI,SC
2787,NI,MG
2788,NI,PR
2789,NI,BA
2790,NI,PR
2791,NI,TO
2792,NI,PR
2793,NI,SC
2794,NI,PR
2795,NI,SP
2796,NI,
2797,NI,PR
2798,NI,PR
2799,NI,SC
2800,NI,PR
2801,NI,PR
2802,NI,
2803,NI,
2804,NI,PR
2805,NI,PR
2806,NI,PR
2807,NI,
2808,NI,MS
2809,NI,PR
2810,NI,PR
2811,NI,PR
2812,NI,PR
2813,NI,PR
2814,NI,PR
2815,NI,MS
2816,NI,PR
2817,NI,PR
2818,NI,PR
2819,NI,PR
2820,NI,BA
2821,NI,PR
2822,NI,TO
2823,NI,PR
2824,NI,SP
2825,NI,PR
2826,NI,MG
2827,NI,PR
2828,NI,BA
2829,NI,PR
2830,NI,MS
2831,NI,ES
2832,NI,MS
2833,NI,MS
2834,NI,PR
2835,NI,BA
2836,NI,PR
2837,NI,SC
2838,NI,PR
2839,NI,PR
2840,NI,PR
2841,NI,PR
2842,NI,
2843,NI,
2844,NI,SC
2845,NI,PR
2846,NI,PR
2847,NI,MS
2848,NI,PR
2849,NI,PR
2850,NI,PR
2851,NI,SC
2852,NI,PR
2853,NI,PR
2854,NI,SC
2855,NI,
2856,NI,
2857,NI,
2858,NI,
2859,NI,RJ
2860,NI,
2861,NI,
2862,NI,
2863,NI,
2864,NI,
2865,NI,
2866,NI,
2867,NI,
2868,NI,BA
2869,NI,RJ
2870,NI,MS
2871,NI,PR
2872,NI,SC
2873,NI,BA
2874,NI,RJ
2875,NI,MS
2876,NI,MG
2877,NI,PR
2878,NI,PR
2879,NI,SC
2880,NI,MG
2881,NI,PR
2882,NI,RS
2883,NI,SC
2884,NI,PR
2885,NI,SC
2886,NI,MS
2887,NI,PR
2888,NI,MS
2889,NI,MG
2890,NI,MG
2891,NI,SC
2892,NI,RS
2893,NI,PR
2894,NI,MG
2895,NI,
2896,NI,PR
2897,NI,PR
2898,NI,SC
2899,NI,PR
2900,NI,PR
2901,NI,PR
2902,NI,PR
2903,NI,RJ
2904,NI,SC
2905,NI,TO
2906,NI,MG
2907,NI,PR
2908,NI,PR
2909,NI,SP
2910,NI,PR
2911,NI,MT
2912,NI,BA
2913,NI,PR
2914,NI,SC
2915,NI,BA
2916,NI,PR
2918,NI,PR
2919,NI,PR
2920,NI,PR
2921,NI,MS
2922,NI,SC
2923,NI,PR
2924,NI,PR
2925,NI,PR
2926,NI,MS
2927,NI,PR
2928,NI,PR
2929,NI,GO
2930,NI,DF
2931,NI,DF
2932,NI,PR
2933,NI,DF
2934,NI,TO
2935,NI,DF
2936,NI,TO
2937,NI,TO
2938,NI,TO
2939,NI,TO
2940,NI,PR
2941,NI,TO
2942,NI,TO
2943,NI,TO
2944,NI,TO
2945,NI,TO
2946,NI,GO
2947,NI,DF
2948,NI,DF
2949,NI,GO
2950,NI,PR
2951,NI,DF
2952,NI,MG
2953,NI,DF
2954,NI,BA
2955,NI,DF
2956,NI,GO
2957,NI,MG
2958,NI,DF
2959,NI,GO
2960,NI,PR
2961,NI,GO
2962,NI,BA
2963,NI,PI
2964,NI,DF
2965,NI,BA
2966,NI,GO
2967,NI,GO
2968,NI,GO
2969,NI,
2970,NI,
2971,NI,SC
2972,NI,SC
2973,NI,SC
2974,NI,SC
2975,NI,SC
2976,NI,SC
2977,NI,SC
2978,NI,SC
2979,NI,SC
2980,NI,SC
2981,NI,SC
2982,NI,SC
2983,NI,SC
2984,NI,SC
2985,NI,SC
2986,NI,SC
2987,NI,SC
2988,NI,SC
2989,NI,SC
2990,NI,PR
2991,NI,PR
2992,NI,PR
2993,NI,PR
2994,NI,SC
2995,NI,SC
2996,NI,PR
2997,NI,PR
2998,NI,PR
2999,NI,
3000,NI,PR
3001,NI,SC
3002,NI,SC
3003,NI,SC
3004,NI,SC
3005,NI,SC
3006,NI,SC
3007,NI,SC
3008,NI,SC
3009,NI,SC
3010,NI,SC
3011,NI,SC
3012,NI,SC
3013,NI,SC
3014,NI,SC
3015,NI,SC
3016,NI,SC
3017,NI,SC
3018,NI,SC
3019,NI,SC
3020,NI,PR
3021,NI,MS
3022,NI,MS
3023,NI,MS
3024,NI,
3025,NI,PR
3026,NI,PR
3027,NI,SC
3028,NI,
3029,NI,
3030,NI,PR
3031,NI,MG
3032,NI,SC
3033,NI,SC
3034,NI,SC
3035,NI,SC
3036,NI,SC
3037,NI,SC
3038,NI,SC
3039,NI,SC
3040,NI,SC
3041,NI,SC
3042,NI,SC
3043,NI,SC
3044,NI,SC
3045,NI,MG
3046,NI,MG
3047,NI,MG
3048,NI,MG
3049,NI,MG
3050,NI,MG
3051,NI,SC
3052,NI,SC
3053,NI,SC
3054,NI,SC
3055,NI,SC
3056,NI,SC
3057,NI,SC
3058,NI,SC
3059,NI,SC
3060,NI,SC
3061,NI,SC
3062,NI,SC
3063,NI,SC
3064,NI,SC
3065,NI,SC
3066,NI,SC
3067,NI,SC
3068,NI,SC
3069,NI,SC
3070,NI,SC
3071,NI,SC
3072,NI,SC
3073,NI,SC
3074,NI,SC
3075,NI,SC
3076,NI,SC
3077,NI,SC
3078,NI,SC
3079,NI,SC
3080,NI,SC
3081,NI,SC
3082,NI,SC
3083,NI,SC
3084,NI,RS
3085,NI,RS
3086,NI,RS
3087,NI,RS
3088,NI,RS
3089,NI,RS
3090,NI,SC
3091,NI,SC
3092,NI,SC
3093,NI,SC
3094,NI,SC
3095,NI,SC
3096,NI,SC
3097,NI,SC
3098,NI,SC
3099,NI,PR
3100,NI,SP
3101,NI,SC
3102,NI,SP
3103,NI,SP
3104,NI,SP
3105,NI,SP
3106,NI,SP
3107,NI,SP
3108,NI,SP
3109,NI,SP
3110,NI,SP
3111,NI,SC
3112,NI,SC
3113,NI,SC
3114,NI,SC
3115,NI,SC
3116,NI,SC
3117,NI,SC
3118,NI,SC
3119,NI,SC
3120,NI,SC
3121,NI,SC
3122,NI,SC
3123,NI,SC
3124,NI,RS
3125,NI,SC
3126,NI,RS
3127,NI,SC
3128,NI,SC
3129,NI,SC
3130,NI,SC
3131,NI,SC
3132,NI,SC
3133,NI,SC
3134,NI,SC
3135,NI,MG
3136,NI,PR
3137,NI,PR
3138,NI,PR
3139,NI,PR
3140,NI,PR
3141,NI,SC
3142,NI,SC
3143,NI,SC
3144,NI,PR
3145,NI,PR
3146,NI,SC
3147,NI,SC
3148,NI,SC
3149,NI,SC
3150,NI,SC
3151,NI,SC
3152,NI,SC
3153,NI,SC
3154,NI,SC
3155,NI,SC
3156,NI,SC
3157,NI,SC
3158,NI,SC
3159,NI,SC
3160,NI,SC
3161,NI,SC
3162,NI,SC
3163,NI,SC
3164,NI,SC
3165,NI,SC
3166,NI,SC
3167,NI,SC
3168,NI,SC
3169,NI,SC
3170,NI,PR
3171,NI,ES
3172,NI,PR
3173,NI,SP
3174,NI,MG
3175,NI,GO
3176,NI,PR
3177,NI,MT
3178,NI,MT
3179,NI,MT
3180,NI,PR
3181,NI,PR
3182,NI,PR
3183,NI,PR
3184,NI,PR
3185,NI,PR
3186,NI,PR
3187,NI,PR
3188,NI,PR
3189,NI,PR
3190,NI,PR
3191,NI,PR
3192,NI,PR
3193,NI,SC
3194,NI,SC
3195,NI,SC
3196,NI,MG
6957,NI,BA
3197,NI,PR
3198,NI,MG
3201,NI,PR
3200,NI,PR
3202,NI,SC
3203,NI,SC
3204,NI,PR
3205,NI,PR
3206,NI,PR
3207,NI,PR
3208,NI,PR
3209,NI,PR
3210,NI,PR
3211,NI,MS
3212,NI,MS
3213,NI,SC
3214,NI,SC
3215,NI,SC
3216,NI,SC
3217,NI,PR
3218,NI,SC
3219,NI,SC
3220,NI,SC
3221,NI,SC
3222,NI,SC
3223,NI,SC
3224,NI,SC
3225,NI,SC
3226,NI,SC
3227,NI,SC
3228,NI,MG
3229,NI,MG
3230,NI,PR
3231,NI,PR
3232,NI,SC
3233,NI,SC
3234,NI,SC
3235,NI,PR
3236,NI,PR
3237,NI,PR
3238,NI,PR
3239,NI,SC
3240,NI,GO
3241,NI,SC
3242,NI,PR
3243,NI,SC
3244,NI,SC
3245,NI,PR
3246,NI,ES
3247,NI,PR
3248,NI,PR
3249,NI,PR
3250,NI,MG
3251,NI,SP
3252,NI,SP
3253,NI,SP
3254,NI,MG
3255,NI,SP
3256,NI,MG
3257,NI,MG
3258,NI,SP
3259,NI,MG
3260,NI,ES
3261,NI,MG
3262,NI,SP
3263,NI,SP
3264,NI,SP
3265,NI,BA
3266,NI,TO
3267,NI,TO
3268,NI,GO
3269,NI,TO
3270,NI,TO
3271,NI,TO
3272,NI,TO
3273,NI,TO
3274,NI,TO
3275,NI,TO
3276,NI,TO
3277,NI,TO
3278,NI,PR
3279,NI,PR
3280,NI,PR
3281,NI,SP
3282,NI,RJ
3283,NI,PR
3284,NI,BA
3285,NI,GO
3286,NI,PR
3287,NI,PR
3288,NI,MG
3289,NI,PR
3290,NI,PR
3291,NI,SC
3292,NI,SC
3293,NI,SC
3294,NI,SC
3295,NI,SC
3296,NI,PR
3297,NI,GO
3298,NI,PR
3299,NI,MS
3300,NI,PR
3301,NI,SP
3302,NI,SP
3303,NI,SP
3304,NI,SP
3305,NI,TO
3306,NI,SP
3307,NI,BA
3308,NI,PR
3309,NI,PR
3310,NI,PR
3311,NI,PR
3312,NI,PR
3313,NI,PR
3314,NI,MS
3315,NI,SP
3316,NI,MS
3317,NI,PR
3318,NI,PR
3319,NI,PR
3320,NI,PR
3321,NI,PR
3322,NI,BA
3323,NI,MG
3324,NI,BA
3325,NI,MG
3326,NI,MG
3327,NI,SP
3328,NI,TO
3329,NI,TO
3330,NI,MG
3331,NI,RJ
3332,NI,PR
3333,NI,PR
3334,NI,BA
3335,NI,BA
3336,NI,SC
3337,NI,RJ
3338,NI,PR
3339,NI,GO
3340,NI,MG
3341,NI,PR
3342,NI,PR
3343,NI,PR
3344,NI,PR
3345,NI,PR
3346,NI,MG
3347,NI,PR
3348,NI,PR
3349,NI,BA
3350,NI,GO
3351,NI,PR
3352,NI,MT
3353,NI,SP
3354,NI,MG
3355,NI,BA
3356,NI,
3357,NI,SC
3358,NI,PR
3359,NI,SP
3360,NI,MG
3361,NI,MG
3362,NI,MG
3363,NI,MG
3364,NI,BA
3365,NI,MG
3366,NI,ES
3367,NI,BA
3368,NI,MG
3369,NI,ES
3370,NI,MG
3371,NI,MG
3372,NI,MG
3373,NI,MG
3374,NI,MG
3375,NI,MG
3376,NI,MT
3377,NI,SP
3378,NI,PR
3379,NI,PR
3380,NI,PR
3381,NI,MG
3382,NI,SP
3383,NI,SC
3384,NI,PR
3385,NI,BA
3386,NI,PR
3387,NI,MG
3388,NI,MS
3389,NI,MG
3390,NI,PR
3391,NI,PR
3392,NI,BA
3393,NI,TO
3394,NI,PR
3395,NI,MS
3396,NI,PR
3397,NI,
3398,NI,PR
3399,NI,BA
3400,NI,PR
3401,NI,AM
3402,NI,GO
3403,NI,MG
3404,NI,PR
3405,NI,PR
3406,NI,PR
3407,NI,PR
3408,NI,PR
3409,NI,PR
3410,NI,MG
3411,NI,PR
3412,NI,PR
3413,NI,GO
3414,NI,PR
3415,NI,TO
3416,NI,MG
3417,NI,MG
3418,NI,MG
3419,NI,MG
3420,NI,MG
3421,NI,BA
3422,NI,BA
3423,NI,MG
3424,NI,BA
3425,NI,BA
3426,NI,MG
3427,NI,MS
3428,NI,BA
3429,NI,GO
3430,NI,PR
3431,NI,PR
3432,NI,PR
3433,NI,PR
3434,NI,BA
3435,NI,MG
3436,NI,PR
3437,NI,SP
3438,NI,SP
3439,NI,PR
3440,NI,PR
3441,NI,RJ
3442,NI,RJ
3443,NI,PR
3444,NI,SP
3445,NI,RJ
3446,NI,SP
3447,NI,PR
3448,NI,SP
3449,NI,BA
3450,NI,MG
3451,NI,PR
3452,NI,PR
3453,NI,PR
3454,NI,PR
3455,NI,PR
3456,NI,PR
3457,NI,PR
3458,NI,PR
3459,NI,PR
3460,NI,PR
3461,NI,PR
3462,NI,PR
3463,NI,PR
3464,NI,PR
3465,NI,PR
3466,NI,MG
3467,NI,MG
3468,NI,MG
3469,NI,MG
3470,NI,MG
3471,NI,MT
3472,NI,SP
3473,NI,PR
3474,NI,PR
3475,NI,PR
3476,NI,PR
3477,NI,PR
3478,NI,PR
3479,NI,BA
3480,NI,PR
3481,NI,PR
3482,NI,PR
3483,NI,PR
3484,NI,
3485,NI,PR
3486,NI,PR
3487,NI,PR
3488,NI,PR
3489,NI,PR
3490,NI,PR
3491,NI,PR
3492,NI,PR
3493,NI,PR
3494,NI,BA
3495,NI,PR
3496,NI,RS
3497,NI,MG
3498,NI,PR
3499,NI,SC
3500,NI,PR
3501,NI,PR
3502,NI,PR
3503,NI,PR
3504,NI,PR
3505,NI,PR
3506,NI,PR
3507,NI,PR
3508,NI,PR
3509,NI,PR
3510,NI,PR
3511,NI,PR
3512,NI,TO
3513,NI,PR
3514,NI,PR
3515,NI,PR
3516,NI,PR
3517,NI,PR
3518,NI,PR
3519,NI,SP
3520,NI,BA
3521,NI,PR
3522,NI,
3523,NI,PR
3524,NI,PR
3525,NI,GO
3526,NI,PR
3527,NI,PR
3528,NI,MG
3529,NI,PR
3530,NI,
3531,NI,MS
3532,NI,
3533,NI,SP
3534,NI,PR
3535,NI,PR
3536,NI,SC
3537,NI,PR
3538,NI,
3539,NI,MS
3540,NI,MT
3541,NI,PR
3542,NI,MG
3543,NI,SC
3544,NI,SP
3545,NI,SP
3546,NI,
3547,NI,
3548,NI,MT
3549,NI,PR
3550,NI,BA
3551,NI,SC
3552,NI,RS
3553,NI,SP
3554,NI,PR
3555,NI,RS
3556,NI,PR
3557,NI,PR
3558,NI,PR
3559,NI,PR
3560,NI,PR
3561,NI,TO
3562,NI,MG
3563,NI,PR
3564,NI,SC
3565,NI,RJ
3566,NI,BA
3567,NI,PR
3568,NI,SP
3569,NI,PR
3570,NI,MS
3571,NI,PR
3572,NI,MT
3573,NI,MT
3574,NI,PR
3575,NI,PR
3576,NI,PR
3577,NI,PR
3578,NI,PR
3579,NI,PR
3580,NI,MG
3581,NI,PR
3582,NI,BA
3583,NI,BA
3584,NI,BA
3585,NI,MS
3586,NI,MG
3587,NI,GO
3588,NI,MS
3589,NI,SP
3590,NI,BA
3591,NI,BA
3592,NI,BA
3593,NI,BA
3594,NI,BA
3595,NI,BA
3596,NI,BA
3597,NI,BA
3598,NI,BA
3599,NI,BA
3600,NI,BA
3601,NI,BA
3602,NI,BA
3603,NI,BA
3604,NI,PA
3605,NI,PA
3606,NI,PA
3607,NI,PA
3608,NI,PA
3609,NI,PA
3610,NI,PA
3611,NI,PA
3612,NI,PA
3613,NI,PA
3614,NI,PR
3615,NI,PA
3616,NI,PA
3617,NI,PA
3618,NI,PA
3619,NI,PA
3620,NI,PA
3621,NI,PA
3622,NI,PA
3623,NI,PA
3624,NI,PA
3625,NI,PR
3626,NI,PA
3627,NI,PA
3628,NI,PA
3629,NI,PA
3630,NI,PA
3631,NI,PA
3632,NI,PA
3633,NI,PA
3634,NI,MT
3635,NI,MS
3636,NI,BA
3637,NI,TO
3638,NI,GO
3639,NI,BA
3640,NI,PA
3641,NI,PA
3642,NI,PA
3643,NI,PA
3644,NI,PA
3645,NI,PA
3646,NI,PA
3647,NI,BA
3648,NI,BA
3649,NI,BA
3650,NI,BA
3651,NI,BA
3652,NI,PA
3653,NI,PA
3654,NI,PA
3655,NI,PA
3656,NI,PA
3657,NI,PA
3658,NI,PA
3659,NI,PA
3660,NI,PR
3661,NI,PR
3662,NI,
3663,NI,RJ
3664,NI,MG
3665,NI,AM
3666,NI,AM
3667,NI,GO
3671,NI,BA
3672,NI,BA
3673,NI,GO
3674,NI,MG
3675,NI,MG
3676,NI,BA
3677,NI,MG
3678,NI,MG
3679,NI,MG
3680,NI,ES
3681,NI,GO
3682,NI,TO
3683,NI,ES
3684,NI,BA
3685,NI,SC
3686,NI,SC
3687,NI,SC
3688,NI,SC
3689,NI,SC
3690,NI,SC
3691,NI,SC
3692,NI,SC
3693,NI,SC
3694,NI,SC
3695,NI,SC
3696,NI,SC
3697,NI,SC
3698,NI,SC
3699,NI,PR
3700,NI,PR
3701,NI,PR
3702,NI,PR
3703,NI,PR
3704,NI,PR
3705,NI,PR
3706,NI,MG
3707,NI,PR
3708,NI,PR
3709,NI,GO
3710,NI,PR
3711,NI,PR
3712,NI,ES
3713,NI,PR
3714,NI,PR
3715,NI,PR
3716,NI,PR
3717,NI,SC
3718,NI,SC
3719,NI,SC
3720,NI,SC
3721,NI,SP
3722,NI,RS
3723,NI,RS
3724,NI,RS
3725,NI,RS
3726,NI,PR
3727,NI,RS
3728,NI,RS
3729,NI,RS
3730,NI,RS
3731,NI,RS
3732,NI,SP
3733,NI,RS
3734,NI,RS
3735,NI,RS
3736,NI,RS
3737,NI,RS
3738,NI,RS
3739,NI,RS
3740,NI,SP
3741,NI,RS
3742,NI,RS
3743,NI,RS
3744,NI,RS
3745,NI,SC
3746,NI,RS
3747,NI,RS
3748,NI,RS
3749,NI,RS
3750,NI,RS
3751,NI,RS
3752,NI,BA
3753,NI,RS
3754,NI,RS
3755,NI,RS
3756,NI,RS
3757,NI,RS
3758,NI,RS
3759,NI,RS
3760,NI,RS
3761,NI,RS
3762,NI,RS
3763,NI,RS
3764,NI,RS
3765,NI,RS
3766,NI,RS
3767,NI,SC
3768,NI,SC
3769,NI,SC
3770,NI,RS
3771,NI,RS
3772,NI,RS
3773,NI,RS
3774,NI,PR
3775,NI,RS
3776,NI,RS
3777,NI,MG
3778,NI,RS
3779,NI,RS
3780,NI,RS
3781,NI,RS
3782,NI,RS
3783,NI,RS
3784,NI,SC
3785,NI,SC
3786,NI,SC
3787,NI,SC
3788,NI,SC
3789,NI,SC
3790,NI,SC
3791,NI,SC
3792,NI,SC
3793,NI,SC
3794,NI,SC
3795,NI,SC
3796,NI,PR
3797,NI,PR
3798,NI,PR
3799,NI,SC
3800,NI,BA
3801,NI,BA
3802,NI,BA
3803,NI,BA
3804,NI,MS
3805,NI,MS
3806,NI,PR
3809,NI,PR
3808,NI,PR
3810,NI,BA
3811,NI,BA
3812,NI,PR
3813,NI,BA
3814,NI,BA
3815,NI,BA
3816,NI,BA
3817,NI,PR
3818,NI,PR
3819,NI,PR
3820,NI,PR
3821,NI,PR
3822,NI,SC
3823,NI,PR
3824,NI,PR
3825,NI,PR
3826,NI,PR
3827,NI,PR
3828,NI,PR
3829,NI,SC
3830,NI,PR
3831,NI,PR
3832,NI,PR
3833,NI,PR
3834,NI,PR
3835,NI,PR
3836,NI,PR
3837,NI,PR
3838,NI,PR
3839,NI,PR
3840,NI,PR
3841,NI,PR
3842,NI,PR
3843,NI,PR
3844,NI,PR
3845,NI,PR
3846,NI,SC
3847,NI,PR
3848,NI,PR
3849,NI,PR
3850,NI,SP
3851,NI,PR
3852,NI,PR
3853,NI,PR
3854,NI,SC
3855,NI,PR
3856,NI,PR
3857,NI,PR
3858,NI,PR
3859,NI,SP
3860,NI,PR
3861,NI,PR
3862,NI,PR
3863,NI,PR
3864,NI,PR
3865,NI,PR
3866,NI,PR
3867,NI,PR
3868,NI,PR
3869,NI,PR
3870,NI,PR
3871,NI,PR
3872,NI,PR
3873,NI,PR
3874,NI,PR
3875,NI,PR
3876,NI,PR
3877,NI,PR
3878,NI,PR
3879,NI,PR
3880,NI,PR
3881,NI,PR
3882,NI,PR
3883,NI,PR
3884,NI,PR
3885,NI,PR
3886,NI,PR
3887,NI,PR
3888,NI,PR
3889,NI,SP
3890,NI,SP
3891,NI,SC
3892,NI,PR
3893,NI,PR
3894,NI,PR
3895,NI,PR
3896,NI,SC
3897,NI,PR
3898,NI,PR
3899,NI,PR
3900,NI,PR
3901,NI,PR
3902,NI,SC
3903,NI,PR
3904,NI,PR
3905,NI,PR
3906,NI,PR
3907,NI,PR
3908,NI,PR
3909,NI,PR
3910,NI,PR
3911,NI,PR
3912,NI,PR
3913,NI,PR
3914,NI,PR
3915,NI,PR
3916,NI,PR
3917,NI,PR
3918,NI,PR
3919,NI,PR
3920,NI,PR
3921,NI,MS
3922,NI,MS
3923,NI,SC
3924,NI,ES
3925,NI,MS
3926,NI,MS
3927,NI,PR
3928,NI,RJ
3929,NI,PR
3930,NI,PR
3931,NI,PR
3932,NI,
3933,NI,BA
3934,NI,PR
3935,NI,SC
3936,NI,SC
3937,NI,PR
3938,NI,MS
3939,NI,MS
3940,NI,PR
3941,NI,PR
3942,NI,MS
3943,NI,MS
3944,NI,PR
3945,NI,RS
3946,NI,PR
3947,NI,GO
3948,NI,PR
3949,NI,PR
3950,NI,PR
3951,NI,PR
3952,NI,PR
3953,NI,PR
3954,NI,PR
3955,NI,PR
3956,NI,PR
3957,NI,PR
3958,NI,PR
3959,NI,PR
3960,NI,PR
3961,NI,PR
3962,NI,MT
3963,NI,PR
3964,NI,PR
3965,NI,SP
3966,NI,PR
3967,NI,MS
3968,NI,SC
3969,NI,BA
3970,NI,PR
3971,NI,PR
3972,NI,PR
3973,NI,ES
3974,NI,PR
3975,NI,PR
3976,NI,PR
3977,NI,SC
3978,NI,SP
3979,NI,ES
3980,NI,PR
3981,NI,PR
3982,NI,PR
3983,NI,MG
3984,NI,PR
3985,NI,PR
3986,NI,PR
3987,NI,PR
3988,NI,MS
3989,NI,MS
3990,NI,PR
3991,NI,PR
3992,NI,SP
3993,NI,PR
3994,NI,PR
3995,NI,PR
3996,NI,PR
3997,NI,PR
3998,NI,PR
3999,NI,PR
4000,NI,PR
4001,NI,PR
4002,NI,PR
4003,NI,PR
4004,NI,PR
4005,NI,SC
4006,NI,RS
4007,NI,PR
4008,NI,PR
4009,NI,PR
4010,NI,PR
4011,NI,PR
4012,NI,PR
4013,NI,PR
4014,NI,PR
4015,NI,PR
4016,NI,PR
4017,NI,PR
4018,NI,SC
4019,NI,PR
4020,NI,PR
4021,NI,MS
4022,NI,BA
4023,NI,PR
4024,NI,BA
4025,NI,PR
4026,NI,SC
4027,NI,PR
4028,NI,BA
4029,NI,PR
4030,NI,
4031,NI,MG
4032,NI,SC
4033,NI,PR
4034,NI,PR
4035,NI,BA
4036,NI,SC
4037,NI,PR
4038,NI,PR
4039,NI,MG
4040,NI,PR
4041,NI,RS
4042,NI,PR
4043,NI,MG
4044,NI,MG
4045,NI,MT
4046,NI,PR
4047,NI,PR
4048,NI,PR
4049,NI,PR
4050,NI,PR
4051,NI,PR
4052,NI,PR
4053,NI,PR
4054,NI,PR
4055,NI,PR
4056,NI,CE
4057,NI,PR
4058,NI,PR
4059,NI,PR
4060,NI,PR
4061,NI,PR
4062,NI,PR
4063,NI,PR
4064,NI,PR
4065,NI,SC
4066,NI,PR
4067,NI,PR
4068,NI,PR
4069,NI,PR
4070,NI,PR
4071,NI,PR
4072,NI,SE
4073,NI,SE
4074,NI,SE
4075,NI,SE
4076,NI,SE
4077,NI,SE
4078,NI,SE
4079,NI,SE
4080,NI,SE
4081,NI,SE
4082,NI,SE
4083,NI,SE
4084,NI,SE
4085,NI,SE
4086,NI,SE
4087,NI,SE
4088,NI,SE
4089,NI,SE
4090,NI,SE
4091,NI,SE
4092,NI,SE
4093,NI,SE
4094,NI,SE
4095,NI,SE
4096,NI,SE
4097,NI,SE
4098,NI,SE
4099,NI,SE
4100,NI,PE
4101,NI,SE
4102,NI,SE
4103,NI,SE
4104,NI,SE
4105,NI,SE
4106,NI,SE
4107,NI,SE
4108,NI,BA
4109,NI,BA
4110,NI,BA
4111,NI,BA
4112,NI,BA
4113,NI,BA
4114,NI,RN
4115,NI,PB
4116,NI,PR
4117,NI,MT
4118,NI,MT
4119,NI,MT
4120,NI,MT
4121,NI,MT
4122,NI,MT
4123,NI,MT
4124,NI,MT
4125,NI,MT
4126,NI,MT
4127,NI,MT
4128,NI,MT
4129,NI,MT
4130,NI,MT
4131,NI,MT
4132,NI,MT
4133,NI,MT
4134,NI,MT
4135,NI,MT
4136,NI,MT
4137,NI,MT
4138,NI,MT
4139,NI,MT
4140,NI,MT
4141,NI,MT
4142,NI,MT
4143,NI,MT
4144,NI,MT
4145,NI,DF
4146,NI,BA
4147,NI,PR
4148,NI,PR
4149,NI,PR
4150,NI,MT
4151,NI,BA
4152,NI,BA
4153,NI,MT
4154,NI,MG
4155,NI,MT
4156,NI,SC
4157,NI,MT
4158,NI,
4159,NI,PR
4160,NI,ES
4161,NI,RN
4162,NI,ES
4163,NI,ES
4164,NI,RS
4165,NI,SP
4166,NI,SP
4167,NI,RS
4168,NI,RS
4169,NI,MT
4170,NI,MT
4171,NI,MT
4172,NI,MT
4173,NI,CE
4174,NI,MT
4175,NI,MT
4176,NI,MT
4177,NI,SC
4178,NI,MT
4179,NI,MG
4180,NI,GO
4181,NI,DF
4182,NI,MT
4183,NI,MT
4184,NI,SC
4185,NI,SC
4186,NI,SC
4187,NI,SC
4188,NI,SC
4189,NI,SC
4190,NI,SC
4191,NI,SC
4192,NI,SC
4193,NI,SC
4194,NI,SC
4195,NI,SC
4196,NI,SC
4197,NI,SC
4198,NI,SC
4199,NI,SC
4200,NI,SC
4201,NI,SC
4202,NI,SC
4203,NI,SC
4204,NI,SC
4205,NI,SC
4206,NI,PR
4207,NI,SC
4208,NI,SC
4209,NI,PR
4210,NI,SC
4211,NI,SC
4212,NI,SC
4213,NI,SC
4214,NI,SC
4215,NI,SC
4216,NI,SC
4217,NI,MS
4218,NI,MS
4219,NI,MS
4220,NI,MS
4221,NI,MS
4222,NI,MS
4223,NI,MS
4224,NI,PR
4225,NI,PR
4226,NI,PR
4227,NI,GO
4228,NI,RJ
4229,NI,PR
4230,NI,PR
4231,NI,MS
4232,NI,MS
4233,NI,MS
4234,NI,MS
4235,NI,MS
4236,NI,MS
4237,NI,MS
4238,NI,MS
4239,NI,MS
4240,NI,MS
4241,NI,MS
4242,NI,MS
4243,NI,MS
4244,NI,MS
4245,NI,MS
4246,NI,MS
4247,NI,MS
4248,NI,MS
4249,NI,MS
4250,NI,MS
4251,NI,MS
4252,NI,MS
4253,NI,PR
4254,NI,PR
4255,NI,PR
4256,NI,PR
4257,NI,SP
4258,NI,PR
4259,NI,PR
4260,NI,PR
4261,NI,PR
4262,NI,MT
4263,NI,PR
4264,NI,PR
4265,NI,PR
4266,NI,PR
4267,NI,PR
4268,NI,PR
4269,NI,PR
4270,NI,PR
4271,NI,PR
4272,NI,PR
4273,NI,PR
4274,NI,PR
4275,NI,PR
4276,NI,PR
4277,NI,PR
4278,NI,PR
4279,NI,PR
4280,NI,PR
4281,NI,PR
4282,NI,PR
4283,NI,SP
4284,NI,PR
4285,NI,PR
4286,NI,PR
4287,NI,PR
4288,NI,PR
4289,NI,PR
4290,NI,PR
4291,NI,PR
4292,NI,SC
4293,NI,SC
4294,NI,PR
4295,NI,PR
4296,NI,PR
4297,NI,PR
4298,NI,PR
4299,NI,PR
4300,NI,PR
4301,NI,PR
4302,NI,PR
4303,NI,PR
4304,NI,PR
4305,NI,PR
4306,NI,PR
4307,NI,PR
4308,NI,PR
4309,NI,PR
4310,NI,PR
4311,NI,PR
4312,NI,PR
4313,NI,PR
4314,NI,PR
4315,NI,PR
4316,NI,PR
4317,NI,PR
4318,NI,PR
4319,NI,PR
4320,NI,SP
4321,NI,PR
4322,NI,PR
4323,NI,PR
4324,NI,PR
4325,NI,PR
4326,NI,PR
4327,NI,PR
4328,NI,PR
4329,NI,PR
4330,NI,PR
4331,NI,PR
4332,NI,PR
4333,NI,PR
4334,NI,PR
4335,NI,PR
4336,NI,PR
4337,NI,PR
4338,NI,PR
4339,NI,ES
4340,NI,ES
4341,NI,ES
4342,NI,ES
4343,NI,PR
4344,NI,PR
4345,NI,PR
4346,NI,ES
4347,NI,ES
4348,NI,ES
4349,NI,ES
4350,NI,ES
4351,NI,ES
4352,NI,ES
4353,NI,ES
4354,NI,ES
4355,NI,ES
4356,NI,ES
4357,NI,ES
4358,NI,ES
4359,NI,ES
4360,NI,ES
4361,NI,ES
4362,NI,ES
4363,NI,ES
4364,NI,ES
4365,NI,ES
4366,NI,ES
4367,NI,ES
4368,NI,ES
4369,NI,RS
4370,NI,SC
4371,NI,RS
4372,NI,RS
4373,NI,RS
4374,NI,RS
4375,NI,RS
4376,NI,RS
4377,NI,RS
4378,NI,RS
4379,NI,RS
4380,NI,RS
4381,NI,RS
4382,NI,RS
4383,NI,RS
4384,NI,RS
4385,NI,RS
4386,NI,RS
4387,NI,RS
4388,NI,RS
4389,NI,RS
4390,NI,RS
4391,NI,RS
4392,NI,RS
4393,NI,RS
4394,NI,PR
4395,NI,SC
4396,NI,PR
4397,NI,GO
4398,NI,PR
4399,NI,SC
4400,NI,SC
4401,NI,PR
4402,NI,PR
4403,NI,PR
4404,NI,SC
4405,NI,PR
4406,NI,PR
4407,NI,MG
4408,NI,MG
4409,NI,MG
4410,NI,PR
4411,NI,SP
4412,NI,MG
4413,NI,PR
4414,NI,PR
4415,NI,PR
4416,NI,PR
4417,NI,PR
4418,NI,PR
4419,NI,PR
4420,NI,PR
4421,NI,MG
4422,NI,MG
4423,NI,SC
4424,NI,SC
4425,NI,PR
4426,NI,PR
4427,NI,SC
4800,NI,PR
4429,NI,SP
4430,NI,SP
4431,NI,SP
4432,NI,SP
4433,NI,GO
4434,NI,SP
4435,NI,MG
4436,NI,SP
4437,NI,SP
4438,NI,SP
4439,NI,MG
4440,NI,MG
4441,NI,PR
4442,NI,MG
4443,NI,SP
4444,NI,SP
4445,NI,SP
4446,NI,SP
4447,NI,MG
4448,NI,SP
4449,NI,SP
4450,NI,SP
4451,NI,SP
4452,NI,SP
4453,NI,SP
4454,NI,SP
4455,NI,SP
4456,NI,SP
4457,NI,SP
4458,NI,MG
4459,NI,MS
4460,NI,SP
4461,NI,SP
4462,NI,PI
4463,NI,RJ
4464,NI,SP
4465,NI,SP
4466,NI,RJ
4467,NI,SP
4468,NI,SP
4469,NI,SC
4470,NI,SP
4471,NI,SP
4472,NI,PR
4473,NI,PR
4474,NI,SP
4475,NI,PR
4476,NI,RS
4477,NI,PR
4478,NI,SC
4479,NI,GO
4480,NI,SC
4481,NI,MS
4482,NI,MG
4483,NI,MG
4484,NI,PR
4485,NI,ES
4486,NI,PR
4487,NI,PR
4488,NI,PR
4489,NI,PR
4490,NI,PR
4491,NI,PR
4492,NI,PR
4493,NI,PR
4494,NI,MG
4495,NI,BA
4496,NI,PR
4497,NI,PR
4498,NI,PR
4499,NI,RS
4500,NI,RS
4501,NI,PR
4502,NI,SC
4503,NI,SP
4504,NI,MG
4505,NI,
4506,NI,PR
4507,NI,PA
4508,NI,GO
4509,NI,PR
4510,NI,GO
4511,NI,PR
4512,NI,MS
4513,NI,GO
4514,NI,BA
4515,NI,GO
4516,NI,GO
4517,NI,RS
4518,NI,RS
4519,NI,BA
4520,NI,GO
4521,NI,PR
4522,NI,MS
4523,NI,MS
4524,NI,MS
4525,NI,MS
4526,NI,MG
4527,NI,PR
4528,NI,GO
4529,NI,MS
4530,NI,MS
4531,NI,MS
4532,NI,PR
4533,NI,GO
4534,NI,GO
4535,NI,DF
4536,NI,MG
4537,NI,MG
4538,NI,GO
4539,NI,PB
4540,NI,PE
4541,NI,SP
4542,NI,PB
4543,NI,PB
4544,NI,PR
4545,NI,PB
4546,NI,PE
4547,NI,PB
4548,NI,PB
4549,NI,PE
4550,NI,PB
4551,NI,PB
4552,NI,PR
4553,NI,PR
4554,NI,RS
4555,NI,MT
4556,NI,PA
4557,NI,SC
4558,NI,SC
4559,NI,ES
4560,NI,PR
5105,NI,SC
4561,NI,RJ
4562,NI,RJ
4563,NI,RJ
4564,NI,MG
4565,NI,RJ
4566,NI,RJ
4567,NI,RJ
4568,NI,RJ
4569,NI,GO
4570,NI,PR
4571,NI,MG
4572,NI,BA
4573,NI,PR
4574,NI,PR
4575,NI,PR
4576,NI,PR
4577,NI,PR
4578,NI,SC
4579,NI,PR
4580,NI,PR
4581,NI,SP
4582,NI,SP
4583,NI,SP
4584,NI,SP
4585,NI,SP
4586,NI,PR
4587,NI,PR
4588,NI,PR
4589,NI,PR
4590,NI,PR
4591,NI,MG
4592,NI,SC
4593,NI,PR
4594,NI,PR
4595,NI,SP
4596,NI,PR
4597,NI,PR
4598,NI,PR
4599,NI,SP
4600,NI,MT
4601,NI,PR
4602,NI,PR
4603,NI,PR
4604,NI,PR
4605,NI,PR
4606,NI,PR
4607,NI,PR
4608,NI,PR
4609,NI,PR
4610,NI,PR
4611,NI,PR
4612,NI,PR
4613,NI,PR
4614,NI,PR
4615,NI,MS
4616,NI,BA
4617,NI,BA
4618,NI,PR
4619,NI,
4620,NI,MS
4621,NI,MG
4622,NI,BA
4623,NI,RS
4624,NI,BA
4625,NI,RS
4626,NI,PR
4627,NI,PR
4628,NI,PR
4629,NI,PR
4630,NI,PR
4631,NI,PR
4632,NI,PR
4633,NI,
4634,NI,MT
4635,NI,PR
4636,NI,PR
4637,NI,PR
4638,NI,PR
4639,NI,GO
4640,NI,PR
4641,NI,PR
4642,NI,PR
4643,NI,BA
4644,NI,MS
4645,NI,MG
4646,NI,MS
4647,NI,PR
4648,NI,PR
4649,NI,MG
4650,NI,MG
4651,NI,GO
4652,NI,MT
4653,NI,PR
4654,NI,PR
4655,NI,PR
4656,NI,PR
4657,NI,SP
4658,NI,MT
4659,NI,SP
4660,NI,SC
4661,NI,MG
4662,NI,RS
4663,NI,
4664,NI,PR
4665,NI,PR
4666,NI,PR
4667,NI,PR
4668,NI,PR
4669,NI,MG
4670,NI,SP
4671,NI,PR
4672,NI,PR
4673,NI,SC
4674,NI,SC
4675,NI,MT
4676,NI,PR
4677,NI,PR
4678,NI,RS
4679,NI,SC
4680,NI,MS
4681,NI,MS
4682,NI,MS
4683,NI,MG
4684,NI,PR
4685,NI,PR
4686,NI,PR
4687,NI,TO
4688,NI,PR
4689,NI,PR
4690,NI,RS
4691,NI,PR
4692,NI,MS
4693,NI,MG
4694,NI,BA
4695,NI,MS
4696,NI,BA
4697,NI,MG
4698,NI,BA
4699,NI,MG
4700,NI,MG
4701,NI,BA
4702,NI,PR
4703,NI,BA
4704,NI,BA
4705,NI,BA
4706,NI,RS
4707,NI,MG
4708,NI,PR
4709,NI,PR
4710,NI,RS
4711,NI,RS
4712,NI,PR
4713,NI,BA
4714,NI,BA
4715,NI,MT
4716,NI,PR
4717,NI,PR
4718,NI,PR
4719,NI,PR
4720,NI,BA
4721,NI,MG
4722,NI,ES
4723,NI,MT
4724,NI,BA
4725,NI,MG
4726,NI,BA
4727,NI,MT
4728,NI,RS
4729,NI,MT
4730,NI,RS
4731,NI,MG
4732,NI,MG
4733,NI,BA
4734,NI,MS
4735,NI,BA
4736,NI,
4737,NI,MT
4738,NI,PR
4739,NI,RS
4740,NI,PR
4741,NI,PR
4742,NI,MT
4743,NI,GO
4744,NI,MG
4745,NI,MS
4746,NI,BA
4747,NI,MS
4748,NI,GO
4749,NI,GO
4750,NI,MG
4751,NI,
4752,NI,
4753,NI,PR
4754,NI,PR
4755,NI,BA
4756,NI,GO
4757,NI,PR
4758,NI,PR
4759,NI,PR
4760,NI,PR
4761,NI,PR
4762,NI,PR
4763,NI,PA
4764,NI,PR
4765,NI,MS
4766,NI,BA
4767,NI,TO
4768,NI,PR
4769,NI,PR
4770,NI,BA
4771,NI,MT
4772,NI,MS
4773,NI,
4774,NI,PR
4775,NI,MG
4776,NI,PR
4777,NI,
4778,NI,PR
4779,NI,DF
4780,NI,
4781,NI,
4782,NI,PR
4783,NI,
4784,NI,
4785,NI,
4786,NI,MG
4787,NI,AM
4788,NI,PR
4789,NI,MT
4790,NI,MT
4791,NI,PR
4792,NI,RN
4793,NI,PR
4794,NI,PR
4795,NI,MS
4796,NI,
4797,NI,
4798,NI,PR
4799,NI,PR
4801,NI,PR
4802,NI,GO
4803,NI,MT
4804,NI,SC
4805,NI,PR
4806,NI,MT
4807,NI,
4808,NI,MT
4809,NI,MT
4810,NI,PR
4811,NI,MS
4812,NI,MG
4815,NI,SP
4814,NI,PR
4816,NI,PR
4817,NI,PA
4818,NI,SC
4819,NI,MT
4820,NI,MT
4821,NI,PR
4822,NI,RJ
4823,NI,PR
4824,NI,MT
4825,NI,MS
4826,NI,MG
4827,NI,MG
4828,NI,PR
4829,NI,SC
4830,NI,SC
4831,NI,RS
4832,NI,PR
4833,NI,PR
4834,NI,RJ
4835,NI,PA
4836,NI,PR
4837,NI,PR
4838,NI,PR
4839,NI,PR
4840,NI,PR
4841,NI,PR
4842,NI,
4843,NI,
4844,NI,
4845,NI,PR
4846,NI,PR
4847,NI,PR
4848,NI,PR
4849,NI,
4850,NI,TO
4851,NI,ES
4852,NI,SP
4853,NI,MG
4854,NI,MS
4855,NI,RS
4856,NI,RS
4857,NI,RS
4858,NI,SC
4859,NI,PR
4860,NI,
4861,NI,SP
4862,NI,ES
4863,NI,SC
4864,NI,PR
4865,NI,
4866,NI,
4867,NI,MS
4868,NI,MG
4869,NI,MS
4870,NI,
4871,NI,PR
4872,NI,PR
4873,NI,TO
4874,NI,
4875,NI,MG
4876,NI,MT
4877,NI,MT
4878,NI,ES
4879,NI,PR
4880,NI,PR
4881,NI,PR
4882,NI,PR
4883,NI,PR
4884,NI,PR
4885,NI,PR
4886,NI,PR
4887,NI,PR
4888,NI,PR
4889,NI,PR
4890,NI,PR
4891,NI,PR
4892,NI,PR
4893,NI,SC
4894,NI,PR
4895,NI,PR
4896,NI,PR
4897,NI,PR
4898,NI,PR
4899,NI,PR
4900,NI,
4901,NI,PR
4902,NI,
4903,NI,PR
4904,NI,PR
4905,NI,PR
4906,NI,PR
4907,NI,PR
4908,NI,MS
4909,NI,PR
4910,NI,PR
4911,NI,
4912,NI,PR
4913,NI,PR
4914,NI,PR
4915,NI,PR
4916,NI,PR
4917,NI,
4918,NI,PR
4919,NI,PR
4920,NI,PR
4921,NI,PR
4922,NI,PR
4923,NI,PR
4924,NI,SC
4925,NI,PR
4926,NI,PR
4927,NI,PR
4928,NI,PR
4929,NI,PR
4930,NI,PR
4931,NI,PR
4932,NI,
4933,NI,PR
4934,NI,PR
4935,NI,PR
4936,NI,PR
4937,NI,PR
4938,NI,PR
4939,NI,PR
4940,NI,PR
4941,NI,PR
4942,NI,RS
4943,NI,RS
4944,NI,RS
4945,NI,RS
4946,NI,RS
4947,NI,RS
4948,NI,SC
4949,NI,RS
4950,NI,RS
4951,NI,RS
4952,NI,PR
4953,NI,RS
4954,NI,SC
4955,NI,PR
4956,NI,RS
4957,NI,RS
4958,NI,RS
4959,NI,RS
4960,NI,MT
4961,NI,RS
4962,NI,MT
4963,NI,RS
4964,NI,RS
4965,NI,RS
4966,NI,RS
4967,NI,RS
4968,NI,RS
4969,NI,RS
4970,NI,RS
4971,NI,RS
4972,NI,RS
4973,NI,RS
4974,NI,RS
4975,NI,RS
4976,NI,RS
4977,NI,RS
4978,NI,RS
4979,NI,RS
4980,NI,RS
4981,NI,RS
4982,NI,RS
4983,NI,RS
4984,NI,RS
4985,NI,RS
4986,NI,RS
4987,NI,RS
4988,NI,RS
4989,NI,RS
4990,NI,RS
4991,NI,RS
4992,NI,RS
4993,NI,RS
4994,NI,RS
4995,NI,RS
4996,NI,BA
4997,NI,SE
4998,NI,BA
4999,NI,BA
5000,NI,BA
5001,NI,PB
5002,NI,AL
5003,NI,BA
5004,NI,SE
5005,NI,SE
5006,NI,SE
5007,NI,BA
5008,NI,PE
5009,NI,BA
5010,NI,AL
5011,NI,AL
5012,NI,BA
5013,NI,BA
5014,NI,PR
5015,NI,RN
5016,NI,RN
5017,NI,RN
5018,NI,RN
5019,NI,PE
5020,NI,ES
5021,NI,ES
5022,NI,PE
5023,NI,PE
5024,NI,RJ
5025,NI,PE
5026,NI,PE
5027,NI,PE
5028,NI,PE
5029,NI,PE
5030,NI,RR
5031,NI,RR
5032,NI,AL
5033,NI,PE
5034,NI,PE
5035,NI,BA
5036,NI,SE
5037,NI,PE
5038,NI,PE
5039,NI,CE
5040,NI,CE
5041,NI,SE
5042,NI,PR
5043,NI,PR
5044,NI,PR
5045,NI,PR
5046,NI,PR
5047,NI,PR
5048,NI,PR
5049,NI,PR
5050,NI,PR
5051,NI,PR
5052,NI,PR
5053,NI,MS
5054,NI,PR
5055,NI,PR
5056,NI,RS
5057,NI,RS
5058,NI,RS
5059,NI,RS
5060,NI,RS
5061,NI,RS
5062,NI,RS
5063,NI,RS
5064,NI,PR
5065,NI,PR
5066,NI,PR
5067,NI,PR
5068,NI,PR
5069,NI,PR
5070,NI,PR
5071,NI,PR
5072,NI,PR
5073,NI,PR
5074,NI,MG
5075,NI,PR
5076,NI,PR
5077,NI,PR
5078,NI,PR
5079,NI,PR
5080,NI,PR
5081,NI,PR
5082,NI,PR
5083,NI,MG
5084,NI,PR
5085,NI,PR
5086,NI,PR
5087,NI,PR
5088,NI,PR
5089,NI,RJ
5090,NI,MG
5091,NI,MG
5632,NI,RS
5093,NI,SC
5094,NI,MG
5095,NI,RJ
5096,NI,SC
5097,NI,MG
5098,NI,MG
5099,NI,MG
5100,NI,RJ
5101,NI,RJ
5102,NI,ES
5103,NI,RJ
5104,NI,RJ
5106,NI,RJ
5107,NI,RJ
5108,NI,ES
5109,NI,SP
5110,NI,RJ
5111,NI,RJ
5112,NI,RJ
5113,NI,RJ
5114,NI,RJ
5115,NI,RJ
5116,NI,RJ
5117,NI,RJ
5118,NI,RJ
5119,NI,RJ
5120,NI,RJ
5121,NI,RJ
5122,NI,MG
5123,NI,RJ
5124,NI,RJ
5125,NI,RJ
5126,NI,SC
5127,NI,SC
5128,NI,SC
5129,NI,SC
5130,NI,SC
5131,NI,RJ
5132,NI,BA
5133,NI,SC
5134,NI,SC
5135,NI,SC
5136,NI,RJ
5137,NI,RJ
5138,NI,GO
5139,NI,PE
5140,NI,AL
5141,NI,PE
5142,NI,PE
5143,NI,PE
5144,NI,PB
5145,NI,PB
5146,NI,PB
5147,NI,SC
5148,NI,SC
5149,NI,PE
5150,NI,RN
5151,NI,PE
5152,NI,AL
5153,NI,PE
5154,NI,AL
5155,NI,PB
5156,NI,AL
5157,NI,AL
5158,NI,PB
5159,NI,PE
5160,NI,PB
5161,NI,AL
5162,NI,SC
5163,NI,SC
5164,NI,PB
5165,NI,PB
5166,NI,PE
5167,NI,PE
5168,NI,AL
5169,NI,PB
5170,NI,PB
5171,NI,PB
5172,NI,SC
5173,NI,SC
5174,NI,SC
5175,NI,PE
5176,NI,SC
5177,NI,SC
5178,NI,SC
5179,NI,SC
5180,NI,SC
5181,NI,SC
5182,NI,PR
5183,NI,PR
5184,NI,PR
5185,NI,SC
5186,NI,SC
5187,NI,
5188,NI,RJ
5189,NI,AM
5190,NI,
5191,NI,MG
5192,NI,MG
5193,NI,MG
5194,NI,MG
5195,NI,MG
5196,NI,MG
5197,NI,MG
5198,NI,MG
5199,NI,MG
5200,NI,MG
5201,NI,ES
5202,NI,MG
5203,NI,RJ
5204,NI,PR
5205,NI,MG
5206,NI,SC
5207,NI,PR
5208,NI,MG
5209,NI,MS
5210,NI,
5211,NI,MG
5212,NI,PR
5213,NI,MG
5214,NI,PR
5215,NI,MG
5216,NI,MG
5217,NI,PR
5218,NI,PR
5219,NI,PR
5220,NI,GO
5221,NI,MS
5222,NI,MG
5223,NI,MG
5224,NI,DF
5225,NI,PR
5226,NI,PR
5227,NI,PR
5228,NI,PR
5229,NI,BA
5230,NI,SP
5231,NI,PR
5232,NI,MG
5233,NI,MG
5234,NI,PR
5235,NI,ES
5236,NI,PR
5237,NI,ES
5238,NI,ES
5239,NI,MG
5240,NI,RS
5241,NI,RS
5242,NI,RS
5243,NI,RS
5244,NI,
5245,NI,MG
5246,NI,SC
5247,NI,RS
5248,NI,RS
5249,NI,RS
5250,NI,MG
5251,NI,RS
5252,NI,RS
5253,NI,MG
5254,NI,RS
5255,NI,ES
5256,NI,ES
5257,NI,ES
5258,NI,ES
5259,NI,MG
5260,NI,ES
5261,NI,MG
5262,NI,MG
5263,NI,ES
5264,NI,MG
5265,NI,ES
5266,NI,MG
5267,NI,MG
5268,NI,ES
5269,NI,MG
5270,NI,MG
5271,NI,MG
5272,NI,PR
5273,NI,MG
5274,NI,MG
5275,NI,MG
5276,NI,MG
5277,NI,BA
5278,NI,MG
5279,NI,ES
5280,NI,MG
5281,NI,MG
5282,NI,MG
5283,NI,MG
5284,NI,MG
5285,NI,MG
5286,NI,MG
5287,NI,MG
5288,NI,MG
5289,NI,MG
5290,NI,MG
5291,NI,ES
5292,NI,MG
5293,NI,MG
5294,NI,MG
5295,NI,PR
5296,NI,MG
5297,NI,RS
5298,NI,RS
5299,NI,MG
5300,NI,RS
5301,NI,RS
5302,NI,RS
5303,NI,RJ
5304,NI,PR
5305,NI,PR
5306,NI,MG
5307,NI,SC
5308,NI,PR
5309,NI,PR
5310,NI,PR
5311,NI,PR
5312,NI,SC
5313,NI,PA
5314,NI,PR
5315,NI,PR
5316,NI,PR
5317,NI,SP
5318,NI,MG
5319,NI,MG
5320,NI,RJ
5321,NI,MG
5322,NI,
5323,NI,BA
5324,NI,MG
5325,NI,PR
5326,NI,PR
5327,NI,PR
5328,NI,PR
5329,NI,PR
5330,NI,
5331,NI,PR
5332,NI,SC
5333,NI,MG
5334,NI,PR
5335,NI,PR
5336,NI,ES
5337,NI,MG
5338,NI,PR
5339,NI,BA
5340,NI,PR
5341,NI,MS
5342,NI,PR
5343,NI,BA
5344,NI,PR
5345,NI,PR
5346,NI,MS
5347,NI,
5348,NI,BA
5349,NI,BA
5350,NI,PR
5351,NI,
5352,NI,MG
5353,NI,
5354,NI,ES
5355,NI,PR
5356,NI,PR
5357,NI,
5358,NI,SP
5359,NI,SC
5360,NI,
5361,NI,PR
5362,NI,MG
5363,NI,PR
5364,NI,MG
5365,NI,MG
5366,NI,PR
5367,NI,PR
5368,NI,PR
5369,NI,PR
5370,NI,PR
5371,NI,PR
5372,NI,PR
5373,NI,GO
5374,NI,MS
5375,NI,SP
5376,NI,SP
5377,NI,PR
5378,NI,
5379,NI,SP
5380,NI,PR
5381,NI,PR
5382,NI,PR
5383,NI,PR
5384,NI,PR
5385,NI,PR
5386,NI,PR
5387,NI,SP
5388,NI,PR
5389,NI,PR
5390,NI,BA
5391,NI,RJ
5392,NI,SP
5393,NI,BA
5394,NI,DF
5395,NI,ES
5396,NI,PR
5397,NI,SC
5398,NI,PR
5399,NI,PR
5400,NI,SC
5401,NI,PR
5402,NI,ES
5403,NI,ES
5404,NI,GO
5405,NI,GO
5406,NI,GO
5407,NI,TO
5408,NI,GO
5409,NI,PR
5410,NI,SP
5411,NI,RS
5412,NI,PR
5413,NI,PR
5414,NI,SC
5415,NI,BA
5416,NI,BA
5417,NI,BA
5418,NI,RJ
5419,NI,GO
5420,NI,GO
5421,NI,
5422,NI,GO
5423,NI,BA
5424,NI,GO
5425,NI,GO
5426,NI,GO
5427,NI,TO
5428,NI,GO
5429,NI,GO
5430,NI,DF
5431,NI,DF
5432,NI,GO
5433,NI,DF
5434,NI,MG
5435,NI,GO
5436,NI,GO
5437,NI,GO
5438,NI,GO
5439,NI,BA
5440,NI,BA
5441,NI,BA
5442,NI,BA
5443,NI,BA
5444,NI,TO
5445,NI,RS
5446,NI,RS
5447,NI,SC
5448,NI,
5449,NI,RS
5450,NI,SC
5451,NI,RS
5452,NI,RS
5453,NI,RS
5454,NI,RS
5455,NI,RS
5456,NI,BA
5457,NI,RS
5458,NI,SP
5459,NI,GO
5460,NI,GO
5461,NI,GO
5462,NI,GO
5463,NI,GO
5464,NI,DF
5465,NI,DF
5466,NI,RS
5467,NI,RS
5468,NI,RS
5469,NI,PR
5470,NI,DF
5471,NI,GO
5472,NI,TO
5473,NI,TO
5474,NI,GO
5475,NI,GO
5476,NI,GO
5477,NI,GO
5478,NI,GO
5479,NI,GO
5480,NI,GO
5481,NI,GO
5482,NI,DF
5483,NI,DF
5484,NI,DF
5485,NI,GO
5486,NI,GO
5487,NI,DF
5488,NI,GO
5489,NI,GO
5490,NI,BA
5491,NI,ES
5492,NI,GO
5493,NI,GO
5494,NI,RS
5495,NI,BA
5496,NI,RS
5497,NI,RS
5498,NI,BA
5499,NI,BA
5500,NI,BA
5501,NI,RS
5502,NI,BA
5503,NI,BA
5504,NI,BA
5505,NI,BA
5506,NI,RS
5507,NI,RS
5508,NI,RS
5509,NI,RS
5510,NI,RS
5511,NI,BA
5512,NI,PR
5513,NI,PR
5514,NI,PR
5515,NI,PR
5516,NI,PR
5517,NI,PR
5518,NI,PR
5519,NI,PR
5520,NI,PR
5521,NI,PR
5522,NI,PR
5523,NI,PR
5524,NI,PR
5525,NI,RJ
5526,NI,PR
5527,NI,RJ
5528,NI,PR
5529,NI,PR
5530,NI,GO
5531,NI,PA
5532,NI,PR
5533,NI,PR
5534,NI,RS
5535,NI,SP
5536,NI,RJ
5537,NI,PR
5538,NI,PR
5539,NI,PR
5540,NI,PR
5541,NI,PR
5542,NI,PR
5543,NI,PR
5544,NI,PR
5545,NI,SP
5546,NI,PR
5547,NI,PR
5548,NI,PR
5549,NI,SC
5550,NI,PR
5551,NI,PR
5552,NI,MS
5553,NI,PR
5554,NI,PR
5555,NI,PR
5556,NI,RS
5557,NI,RS
5558,NI,RS
5559,NI,RS
5560,NI,RS
5561,NI,RS
5562,NI,PR
5563,NI,PR
5564,NI,PR
5565,NI,PR
5566,NI,SP
5567,NI,SP
5568,NI,PR
5569,NI,PR
5570,NI,PR
5571,NI,PR
5572,NI,PR
5573,NI,PR
5574,NI,RS
5575,NI,RS
5576,NI,RS
5577,NI,RS
5578,NI,RS
5579,NI,SC
5580,NI,RS
5581,NI,RS
5582,NI,RS
5583,NI,RS
5584,NI,RS
5585,NI,RS
5586,NI,RS
5587,NI,RS
5588,NI,RS
5589,NI,RS
5590,NI,RS
5591,NI,RS
5592,NI,RS
5593,NI,RS
5594,NI,RS
5595,NI,MG
5596,NI,PR
5597,NI,SP
5598,NI,SP
5599,NI,RS
5600,NI,PR
5601,NI,RS
5602,NI,RS
5603,NI,RS
5604,NI,RS
5605,NI,RS
5606,NI,RS
5607,NI,RS
5608,NI,RS
5609,NI,PR
5610,NI,RS
5611,NI,BA
5612,NI,RS
5613,NI,PR
5614,NI,BA
5615,NI,SC
5616,NI,PR
5617,NI,RJ
5618,NI,PR
5619,NI,PR
5620,NI,PR
5621,NI,PR
5622,NI,PR
5623,NI,PR
5624,NI,PR
5625,NI,PR
5626,NI,PR
5627,NI,PR
5628,NI,PR
5633,NI,PA
5634,NI,RJ
5635,NI,MA
5636,NI,PR
5637,NI,PR
5638,NI,PR
5639,NI,PR
5640,NI,PR
5641,NI,
5642,NI,PR
5643,NI,PR
5644,NI,PR
5645,NI,PR
5646,NI,RS
5647,NI,PR
5648,NI,SP
5649,NI,PR
5650,NI,SP
5651,NI,PR
5652,NI,SP
5653,NI,PR
5654,NI,SP
5655,NI,PR
5656,NI,SP
5657,NI,SP
5658,NI,PR
5659,NI,PR
5660,NI,PR
5661,NI,PR
5662,NI,SP
5663,NI,SP
5664,NI,SP
5665,NI,SP
5666,NI,SP
5667,NI,SP
5668,NI,PR
5669,NI,RS
5670,NI,PR
5671,NI,PR
5672,NI,PR
5673,NI,PR
5674,NI,PR
5675,NI,PR
5676,NI,MS
5677,NI,PR
5678,NI,PR
5679,NI,PR
5680,NI,PR
5681,NI,PR
5682,NI,PR
5683,NI,MS
5684,NI,PR
5685,NI,PR
5686,NI,MS
5687,NI,MS
5688,NI,PR
5689,NI,PR
5690,NI,PR
5691,NI,PR
5692,NI,PR
5693,NI,PR
5694,NI,PR
5695,NI,PR
5696,NI,SC
5697,NI,PR
5698,NI,PR
5699,NI,MS
5700,NI,MS
5701,NI,PR
5702,NI,PR
5703,NI,PR
5704,NI,PR
5705,NI,PR
5706,NI,PR
5707,NI,PR
5708,NI,PR
5709,NI,PR
5710,NI,PR
5711,NI,PR
5712,NI,SP
5713,NI,PR
5714,NI,SC
5715,NI,RJ
5716,NI,MG
5717,NI,PR
5718,NI,PR
5719,NI,MG
5720,NI,MG
5721,NI,MG
5722,NI,PR
5723,NI,PR
5724,NI,PR
5725,NI,PR
5726,NI,PR
5727,NI,PR
5728,NI,PR
5729,NI,MG
5730,NI,PR
5731,NI,PR
5732,NI,PR
5733,NI,PR
5734,NI,PR
5735,NI,PR
5736,NI,MS
5737,NI,PR
5738,NI,PR
5739,NI,PR
5740,NI,PR
5741,NI,SP
5742,NI,PR
5743,NI,PR
5744,NI,PR
5745,NI,TO
5746,NI,TO
5747,NI,TO
5748,NI,TO
5749,NI,TO
5750,NI,TO
5751,NI,TO
5752,NI,TO
5753,NI,TO
5754,NI,TO
5755,NI,TO
5756,NI,TO
5757,NI,TO
5758,NI,TO
5759,NI,TO
5760,NI,TO
5761,NI,TO
5762,NI,TO
5763,NI,TO
5764,NI,TO
5765,NI,TO
5766,NI,TO
5767,NI,TO
5768,NI,TO
5769,NI,TO
5770,NI,TO
5771,NI,TO
5772,NI,TO
5773,NI,TO
5774,NI,TO
5775,NI,TO
5776,NI,TO
5777,NI,TO
5778,NI,TO
5779,NI,TO
5780,NI,TO
5781,NI,TO
5782,NI,TO
5783,NI,TO
5784,NI,TO
5785,NI,TO
5786,NI,TO
5787,NI,PR
5788,NI,
5789,NI,PR
5790,NI,SP
5791,NI,AP
5792,NI,PA
5793,NI,AP
5794,NI,PR
5795,NI,PR
5796,NI,ES
5797,NI,RJ
5798,NI,PR
5799,NI,PR
5800,NI,AM
5801,NI,ES
5802,NI,PR
5803,NI,PR
5804,NI,ES
5805,NI,TO
5806,NI,MA
5807,NI,TO
5808,NI,PR
5809,NI,SP
5810,NI,MG
5811,NI,PA
5812,NI,TO
5813,NI,MG
5814,NI,BT
5815,NI,PR
5816,NI,PA
5817,NI,PA
5818,NI,PR
5819,NI,BA
5820,NI,PR
5821,NI,PR
5822,NI,PR
5823,NI,PA
5824,NI,AP
5825,NI,PR
5826,NI,PR
5827,NI,PR
5828,NI,PR
5829,NI,PR
5830,NI,SC
5831,NI,SC
5832,NI,SC
5833,NI,SP
5834,NI,RS
5835,NI,SC
5836,NI,RS
5837,NI,RS
5838,NI,SC
5839,NI,RS
5840,NI,RS
5841,NI,SP
5842,NI,BA
5843,NI,BA
5844,NI,BA
5845,NI,PR
5846,NI,RS
5847,NI,RS
5848,NI,RS
5849,NI,RS
5850,NI,RS
5851,NI,RS
5852,NI,RS
5853,NI,RS
5854,NI,RS
5855,NI,RS
5856,NI,RS
5857,NI,RS
5858,NI,RS
5859,NI,RS
5860,NI,RS
5861,NI,RS
5862,NI,RS
5863,NI,RS
5864,NI,RS
5865,NI,RS
5866,NI,RS
5867,NI,RS
5868,NI,RS
5869,NI,RS
5870,NI,
5871,NI,
5872,NI,MG
5873,NI,RS
5874,NI,RS
5875,NI,RS
5876,NI,RS
5877,NI,RS
5878,NI,RS
5879,NI,SC
5880,NI,SP
5881,NI,
5882,NI,SC
5883,NI,RS
5884,NI,SC
5885,NI,SC
5886,NI,SC
5887,NI,RS
5888,NI,RS
5889,NI,RS
5890,NI,RS
5891,NI,RS
5892,NI,
5893,NI,RS
5894,NI,PR
5895,NI,PR
5896,NI,SP
5897,NI,PR
5898,NI,SC
5899,NI,PR
5900,NI,SC
5901,NI,MG
5902,NI,PR
5903,NI,PR
5904,NI,PR
5905,NI,PR
5906,NI,PR
5907,NI,PR
5908,NI,PR
5909,NI,PR
5910,NI,SP
5911,NI,PR
5912,NI,PR
5913,NI,SC
5914,NI,PR
5915,NI,SC
5916,NI,PR
5917,NI,PR
5918,NI,PR
5919,NI,SC
5920,NI,PR
5921,NI,PR
5922,NI,SC
5923,NI,PR
5924,NI,SC
5925,NI,PR
5926,NI,PR
5927,NI,PR
5928,NI,PR
5929,NI,PR
5930,NI,PR
5931,NI,PR
5932,NI,PR
5933,NI,PR
5934,NI,PR
5935,NI,PR
5936,NI,PR
5937,NI,SC
5938,NI,SC
5939,NI,SC
5940,NI,SC
5941,NI,SC
5942,NI,SC
5943,NI,PR
5944,NI,PR
5945,NI,PR
5946,NI,PR
5947,NI,PR
5948,NI,PR
5949,NI,PR
5950,NI,PR
5951,NI,PR
5952,NI,RN
5953,NI,SC
5954,NI,SC
5955,NI,SC
5956,NI,SC
5957,NI,SC
5958,NI,PR
5959,NI,SC
5960,NI,SC
5961,NI,PR
5962,NI,PR
5963,NI,PR
5964,NI,BA
5965,NI,MG
5966,NI,MS
5967,NI,SC
5968,NI,BA
5969,NI,GO
5970,NI,PR
5971,NI,PR
5972,NI,PR
5973,NI,PR
5974,NI,SC
5975,NI,PR
5976,NI,PR
5977,NI,PR
5978,NI,PR
5979,NI,PR
5980,NI,PR
5981,NI,RJ
5982,NI,PR
5983,NI,PR
5984,NI,PR
5985,NI,BA
5986,NI,BA
5987,NI,PR
5988,NI,PR
5989,NI,PR
5990,NI,PR
5991,NI,PR
5992,NI,MS
5993,NI,MS
5994,NI,PR
5995,NI,PR
5996,NI,MS
5997,NI,PR
5998,NI,PR
5999,NI,GO
6000,NI,BA
6001,NI,BA
6002,NI,ES
6003,NI,MG
6004,NI,ES
6005,NI,GO
6006,NI,PR
6007,NI,TO
6008,NI,PR
6009,NI,MT
6010,NI,MG
6011,NI,GO
6012,NI,MS
6013,NI,PR
6014,NI,PR
6015,NI,PR
6016,NI,PR
6017,NI,SP
6018,NI,PR
6019,NI,PR
6020,NI,PR
6021,NI,PR
6022,NI,PR
6023,NI,RJ
6024,NI,SP
6025,NI,MG
6026,NI,MG
6027,NI,MG
6028,NI,PR
6029,NI,GO
6030,NI,MG
6031,NI,MG
6032,NI,PR
6033,NI,MG
6034,NI,MG
6035,NI,PR
6036,NI,SP
6037,NI,GO
6038,NI,MG
6039,NI,SP
6040,NI,PR
6041,NI,PR
6042,NI,PR
6043,NI,PR
6044,NI,PR
6045,NI,PR
6046,NI,PR
6047,NI,PR
6048,NI,PR
6049,NI,PR
6050,NI,SC
6051,NI,GO
6052,NI,PR
6053,NI,PR
6054,NI,PR
6055,NI,MS
6056,NI,PR
6057,NI,PR
6058,NI,BA
6059,NI,PR
6060,NI,SP
6061,NI,PR
6062,NI,BA
6063,NI,GO
6064,NI,GO
6065,NI,MT
6066,NI,BA
6067,NI,SP
6068,NI,PR
6069,NI,MG
6070,NI,PR
6071,NI,BA
6072,NI,PR
6073,NI,SP
6074,NI,PR
6075,NI,MS
6076,NI,MS
6077,NI,MG
6078,NI,PR
6079,NI,PR
6080,NI,MS
6081,NI,PR
6082,NI,PR
6083,NI,MS
6084,NI,MG
6085,NI,RJ
6086,NI,BA
6087,NI,GO
6088,NI,MS
6089,NI,SC
6090,NI,PR
6091,NI,PR
6092,NI,SC
6093,NI,PR
6094,NI,PR
6095,NI,MG
6096,NI,SP
6097,NI,SC
6098,NI,BA
6099,NI,BA
6100,NI,BA
6101,NI,BA
6102,NI,BA
6103,NI,BA
6104,NI,BA
6105,NI,BA
6106,NI,BA
6107,NI,PR
6108,NI,PR
6109,NI,BA
6110,NI,MG
6112,NI,MG
6113,NI,PR
6114,NI,GO
6115,NI,PR
6116,NI,PR
6117,NI,MG
6118,NI,PR
6119,NI,PR
6120,NI,MG
6121,NI,SP
6122,NI,BA
6123,NI,PA
6124,NI,BA
6125,NI,PR
6126,NI,BA
6127,NI,BA
6128,NI,PA
6129,NI,BA
6130,NI,PA
6131,NI,BA
6132,NI,BA
6133,NI,BA
6134,NI,BA
6135,NI,BA
6136,NI,PA
6137,NI,BA
6138,NI,PA
6139,NI,BA
6140,NI,BA
6141,NI,MG
6142,NI,BA
6143,NI,AM
6144,NI,PA
6145,NI,MG
6146,NI,BA
6147,NI,PA
6148,NI,PA
6149,NI,MG
6150,NI,BA
6151,NI,BA
6163,NI,MG
6153,NI,PA
6154,NI,MA
6155,NI,BA
6156,NI,BA
6157,NI,BA
6158,NI,BA
6159,NI,BA
6160,NI,BA
6161,NI,BA
6162,NI,BA
6164,NI,PA
6165,NI,AM
6166,NI,BA
6167,NI,BA
6168,NI,BA
6169,NI,BA
6170,NI,BA
6171,NI,BA
6172,NI,BA
6173,NI,TO
6174,NI,BA
6175,NI,BA
6176,NI,BA
6177,NI,BA
6178,NI,BA
6179,NI,BA
6180,NI,PR
6181,NI,RJ
6182,NI,SC
6183,NI,SC
6184,NI,SC
6185,NI,PR
6186,NI,SC
6187,NI,SC
6188,NI,SC
6189,NI,PR
6190,NI,SC
6191,NI,PR
6192,NI,PR
6193,NI,PR
6194,NI,PR
6195,NI,PR
6196,NI,PR
6197,NI,PR
6198,NI,PR
6199,NI,PR
6200,NI,PR
6201,NI,PR
6202,NI,PR
6203,NI,ES
6204,NI,PR
6205,NI,PR
6206,NI,PR
6207,NI,SC
6208,NI,PR
6209,NI,PR
6210,NI,PR
6211,NI,PR
6212,NI,PR
6213,NI,PR
6214,NI,PR
6215,NI,PR
6216,NI,SC
6217,NI,PR
6218,NI,PR
6219,NI,PR
6220,NI,PR
6221,NI,PR
6222,NI,PR
6223,NI,PR
6224,NI,SC
6225,NI,PR
6226,NI,PR
6227,NI,PR
6228,NI,PR
6229,NI,PR
6230,NI,PR
6231,NI,PR
6232,NI,PR
6233,NI,PE
6234,NI,BA
6235,NI,PR
6236,NI,PR
6237,NI,PR
6238,NI,GO
6239,NI,GO
6240,NI,PR
6241,NI,GO
6242,NI,GO
6243,NI,GO
6244,NI,BA
6245,NI,GO
6246,NI,GO
6247,NI,DF
6248,NI,BA
6249,NI,GO
6250,NI,GO
6251,NI,GO
6252,NI,SP
6253,NI,DF
6254,NI,DF
6255,NI,GO
6256,NI,GO
6257,NI,GO
6258,NI,MG
6259,NI,MG
6260,NI,AL
6261,NI,AL
6262,NI,MA
6263,NI,MG
6264,NI,MG
6265,NI,AL
6266,NI,AL
6267,NI,AL
6268,NI,AL
6269,NI,AL
6270,NI,AL
6271,NI,AL
6272,NI,AL
6273,NI,AL
6274,NI,AL
6275,NI,PR
6276,NI,PR
6277,NI,PR
6278,NI,PR
6279,NI,AL
6280,NI,AL
6281,NI,AL
6282,NI,AL
6283,NI,AL
6284,NI,AL
6285,NI,AL
6286,NI,AL
6287,NI,AL
6288,NI,AL
6289,NI,AL
6290,NI,AL
6291,NI,SP
6292,NI,PR
6293,NI,PR
6294,NI,RN
6295,NI,RN
6296,NI,RN
6297,NI,RN
6298,NI,RN
6299,NI,PR
6300,NI,RN
6301,NI,RN
6302,NI,RN
6303,NI,RN
6304,NI,RN
6305,NI,RN
6306,NI,RN
6307,NI,RS
6308,NI,RS
6309,NI,RS
6310,NI,RS
6311,NI,RS
6312,NI,RS
6317,NI,PR
6314,NI,BA
6315,NI,SC
6316,NI,RS
6318,NI,SC
6319,NI,PR
6320,NI,PR
6321,NI,PR
6322,NI,RO
6323,NI,RO
6324,NI,RO
6325,NI,RO
6326,NI,RO
6327,NI,RO
6328,NI,RP
6329,NI,RO
6330,NI,SC
6331,NI,SC
6332,NI,RS
6333,NI,SC
6334,NI,RS
6335,NI,RS
6336,NI,RS
6337,NI,RS
6338,NI,RS
6339,NI,RS
6340,NI,PR
6341,NI,PA
6342,NI,PR
6343,NI,AL
6344,NI,AL
6345,NI,GO
6346,NI,GO
6347,NI,PR
6348,NI,PR
6349,NI,PR
6350,NI,PR
6351,NI,ES
6352,NI,ES
6353,NI,PR
6354,NI,SP
6355,NI,MT
6356,NI,MT
6357,NI,PR
6358,NI,PR
6359,NI,GO
6360,NI,SC
6361,NI,GO
6362,NI,MG
6363,NI,PR
6364,NI,PR
6365,NI,PR
6366,NI,SP
6367,NI,TO
6368,NI,PA
6369,NI,MG
6370,NI,MG
6371,NI,TO
6372,NI,MT
6373,NI,SC
6374,NI,SP
6375,NI,SC
6376,NI,RJ
6377,NI,SC
6378,NI,PA
6379,NI,SC
6380,NI,MG
6381,NI,MS
6382,NI,PR
6383,NI,MS
6384,NI,PR
6385,NI,PR
6386,NI,PR
6387,NI,PR
6388,NI,SC
6389,NI,PR
6390,NI,PR
6391,NI,PR
6392,NI,PR
6393,NI,AL
6394,NI,SP
6395,NI,AL
6396,NI,AL
6397,NI,AL
6398,NI,AL
6399,NI,AL
6400,NI,SP
6401,NI,SP
6402,NI,SP
6403,NI,SP
6404,NI,SP
6405,NI,PR
6406,NI,PR
6407,NI,PR
6408,NI,PR
6409,NI,SP
6410,NI,SP
6411,NI,SP
6412,NI,SP
6413,NI,PR
6414,NI,PR
6415,NI,PR
6416,NI,MG
6417,NI,SP
6418,NI,SP
6419,NI,SP
6420,NI,SP
6421,NI,PR
6422,NI,PR
6423,NI,PR
6424,NI,ES
6425,NI,ES
6426,NI,ES
6472,NI,ES
6428,NI,PR
6429,NI,SP
6430,NI,PR
6431,NI,PR
6432,NI,SC
6433,NI,PR
6434,NI,RJ
6435,NI,MG
6436,NI,BA
6437,NI,PR
6438,NI,SP
6439,NI,BA
6440,NI,SP
6441,NI,MG
6442,NI,BA
6443,NI,SP
6444,NI,SP
6445,NI,SP
6446,NI,PR
6447,NI,SC
6448,NI,ES
6449,NI,SP
6450,NI,MG
6451,NI,PR
6452,NI,RS
6453,NI,MT
6454,NI,AL
6455,NI,AL
6456,NI,AL
6457,NI,AL
6458,NI,AL
6459,NI,AL
6460,NI,AL
6461,NI,AL
6462,NI,AL
6463,NI,AL
6464,NI,SC
6465,NI,ES
6466,NI,ES
6467,NI,MG
6468,NI,ES
6469,NI,ES
6470,NI,PA
6471,NI,PR
6473,NI,PA
6474,NI,PR
6475,NI,PR
6476,NI,PR
6477,NI,GO
6478,NI,GO
6479,NI,GO
6480,NI,GO
6481,NI,BA
6482,NI,GO
6483,NI,GO
6484,NI,GO
6485,NI,GO
6486,NI,GO
6487,NI,GO
6488,NI,GO
6489,NI,PR
6490,NI,PR
6491,NI,PR
6492,NI,PR
6493,NI,PR
6494,NI,PR
6495,NI,GO
6496,NI,GO
6497,NI,GO
6498,NI,GO
6499,NI,GO
6500,NI,GO
6501,NI,SP
6502,NI,SP
6503,NI,SP
6504,NI,SP
6505,NI,SP
6506,NI,GO
6507,NI,GO
6508,NI,GO
6509,NI,GO
6510,NI,GO
6511,NI,SP
6512,NI,SP
6513,NI,PR
6514,NI,PR
6515,NI,PR
6516,NI,PR
6517,NI,PR
6518,NI,PR
6519,NI,PR
6520,NI,PR
6521,NI,PR
6522,NI,MT
6523,NI,MT
6524,NI,PR
6525,NI,PR
6526,NI,MS
6527,NI,PR
6528,NI,PR
6529,NI,PR
6530,NI,PR
6531,NI,PR
6532,NI,SC
6533,NI,MA
6534,NI,PR
6535,NI,PR
6536,NI,GO
6537,NI,PR
6538,NI,MG
6539,NI,MB
6540,NI,MG
6541,NI,MG
6542,NI,PR
6543,NI,TO
6544,NI,MG
6545,NI,PR
6546,NI,PR
6547,NI,MS
6548,NI,PR
6549,NI,PR
6550,NI,PR
6551,NI,SP
6552,NI,PR
6553,NI,PR
6554,NI,PA
6555,NI,PA
6556,NI,SP
6557,NI,PR
6558,NI,SP
6559,NI,PR
6560,NI,PR
6561,NI,PR
6562,NI,RS
6563,NI,RS
6564,NI,PR
6565,NI,PR
6566,NI,PR
6567,NI,PR
6568,NI,PR
6569,NI,PR
6570,NI,PR
6571,NI,PR
6572,NI,RS
6573,NI,PR
6574,NI,PR
6575,NI,PR
6576,NI,PR
6577,NI,SC
6578,NI,PR
6579,NI,PR
6580,NI,GO
6581,NI,PR
6582,NI,PR
6583,NI,PR
6584,NI,PR
6585,NI,PR
6586,NI,PR
6587,NI,PR
6588,NI,PR
6589,NI,SC
6590,NI,MS
6591,NI,PR
6592,NI,PR
6593,NI,PR
6594,NI,PR
6595,NI,ES
6596,NI,MS
6597,NI,MS
6598,NI,MS
6599,NI,PR
6600,NI,SP
6601,NI,SC
6602,NI,PR
6603,NI,PR
6604,NI,SC
6605,NI,PR
6606,NI,PR
6607,NI,PR
6608,NI,PR
6609,NI,PR
6610,NI,PR
6611,NI,PR
6612,NI,SC
6613,NI,PR
6614,NI,PR
6615,NI,PR
6616,NI,MS
6617,NI,SC
6618,NI,MS
6619,NI,RS
6620,NI,RJ
6621,NI,PR
6622,NI,PR
6623,NI,GO
6624,NI,PR
6625,NI,PR
6626,NI,PR
6627,NI,PR
6628,NI,PR
6629,NI,PR
6630,NI,PR
6631,NI,PR
6632,NI,PR
6633,NI,PR
6634,NI,RS
6635,NI,BA
6636,NI,PR
6637,NI,SC
6638,NI,PR
6639,NI,PR
6640,NI,PR
6641,NI,PR
6642,NI,PR
6643,NI,PR
6644,NI,PR
6645,NI,SC
6646,NI,PR
6647,NI,PR
6648,NI,PR
6649,NI,PR
6650,NI,PR
6651,NI,PR
6652,NI,PR
6653,NI,SP
6654,NI,PR
6655,NI,PR
6656,NI,PR
6657,NI,PR
6658,NI,PR
6659,NI,PR
6660,NI,PR
6661,NI,PR
6662,NI,PR
6663,NI,PR
6664,NI,PR
6665,NI,MS
6666,NI,PR
6667,NI,PR
6668,NI,PR
6669,NI,PR
6670,NI,MT
6671,NI,RS
6672,NI,
6673,NI,MS
6674,NI,PR
6675,NI,PR
6676,NI,PR
6677,NI,PR
6678,NI,PR
6679,NI,PR
6680,NI,PR
6681,NI,PR
6682,NI,PR
6683,NI,PR
6684,NI,PR
6685,NI,PR
6686,NI,MG
6687,NI,PR
6688,NI,PR
6689,NI,PR
6690,NI,MG
6691,NI,PR
6692,NI,PR
6693,NI,MS
6694,NI,PR
6695,NI,PR
6696,NI,PR
6697,NI,PR
6698,NI,PR
6699,NI,RS
6700,NI,PR
6701,NI,PR
6702,NI,PR
6703,NI,PR
6704,NI,MG
6705,NI,PR
6706,NI,SC
6707,NI,PR
6708,NI,PR
6709,NI,MG
6710,NI,PR
6711,NI,PR
6712,NI,PR
6713,NI,PR
6714,NI,PR
6715,NI,PR
6716,NI,PR
6717,NI,SC
6718,NI,SC
6719,NI,GO
6720,NI,GO
6721,NI,MS
6722,NI,PR
6723,NI,PR
6724,NI,PR
6725,NI,PR
6726,NI,PR
6727,NI,PR
6728,NI,TO
6729,NI,PR
6730,NI,AM
6731,NI,MT
6732,NI,MG
6733,NI,PR
6734,NI,PR
6735,NI,SP
6736,NI,MS
6737,NI,PR
6738,NI,MS
6739,NI,PR
6740,NI,SC
6741,NI,PR
6742,NI,PR
6743,NI,PR
6744,NI,PR
6745,NI,PR
6746,NI,PR
6747,NI,PR
6748,NI,PR
6749,NI,PR
6750,NI,MG
6751,NI,PR
6752,NI,PR
6753,NI,PR
6754,NI,PR
6755,NI,PR
6756,NI,PR
6757,NI,PR
6758,NI,SC
6759,NI,PR
6760,NI,MG
6761,NI,MT
6762,NI,PR
6763,NI,PR
6764,NI,PR
6765,NI,PR
6766,NI,SP
6767,NI,SP
6768,NI,PR
6769,NI,RS
6770,NI,PR
6771,NI,PR
6772,NI,RS
6773,NI,PR
6774,NI,PR
6775,NI,PR
6776,NI,PR
6777,NI,SP
6778,NI,MS
6779,NI,MG
6780,NI,MG
6781,NI,MG
6782,NI,MG
6783,NI,MG
6784,NI,PR
6785,NI,PR
6786,NI,PR
6787,NI,PR
6788,NI,PR
6789,NI,PR
6790,NI,PR
6791,NI,GO
6792,NI,GO
6793,NI,GO
6794,NI,GO
6795,NI,DF
6796,NI,GO
6797,NI,PR
6798,NI,GO
6799,NI,GO
6800,NI,GO
6801,NI,GO
6802,NI,GO
6803,NI,GO
6804,NI,GO
6805,NI,GO
6806,NI,GO
6807,NI,GO
6808,NI,GO
6809,NI,GO
6810,NI,BA
6811,NI,GO
6812,NI,MG
6813,NI,MG
6814,NI,GO
6815,NI,GO
6816,NI,GO
6817,NI,GO
6818,NI,BA
6819,NI,PR
6820,NI,PR
6821,NI,PR
6822,NI,PR
6823,NI,PR
6824,NI,PR
6825,NI,PR
6826,NI,PR
6827,NI,PR
6828,NI,PR
6829,NI,PR
6830,NI,PR
6831,NI,PR
6832,NI,PR
6833,NI,PR
6834,NI,PR
6835,NI,PR
6836,NI,PR
6837,NI,PR
6838,NI,SC
6839,NI,RS
6840,NI,RS
6841,NI,PR
6842,NI,PR
6843,NI,PR
6844,NI,PR
6845,NI,MS
6846,NI,MS
6847,NI,MS
6848,NI,BA
6849,NI,MS
6850,NI,MS
6851,NI,MS
6852,NI,MS
6853,NI,GO
6854,NI,MT
6855,NI,SP
6856,NI,PR
6857,NI,PR
6858,NI,PR
6859,NI,SP
6860,NI,MT
6861,NI,PR
6862,NI,PR
6863,NI,PR
6864,NI,SC
6865,NI,SC
6866,NI,PR
6867,NI,BA
6868,NI,PR
6869,NI,BA
6870,NI,SC
6871,NI,RS
6872,NI,SC
6873,NI,RS
6874,NI,SC
6875,NI,RS
6876,NI,RS
6877,NI,RS
6878,NI,RS
6879,NI,RS
6880,NI,RS
6881,NI,RS
6882,NI,RS
6883,NI,RS
6884,NI,RS
6885,NI,RS
6886,NI,RS
6887,NI,RS
6888,NI,SC
6889,NI,RS
6890,NI,SC
6891,NI,RS
6892,NI,RS
6893,NI,PR
6894,NI,SC
6895,NI,RS
6896,NI,SC
6897,NI,SC
6898,NI,SC
6899,NI,RS
6900,NI,RS
6901,NI,SC
6902,NI,PR
6903,NI,MT
6904,NI,BA
6905,NI,PR
6906,NI,RJ
6907,NI,RJ
6908,NI,PR
6909,NI,PR
6910,NI,PR
6911,NI,MT
6912,NI,RS
6913,NI,SC
6914,NI,PR
6915,NI,PR
6916,NI,RS
6917,NI,PR
6918,NI,RS
6919,NI,RS
6920,NI,RS
6921,NI,PR
6922,NI,PR
6923,NI,PR
6924,NI,PR
6925,NI,RS
6926,NI,PR
6927,NI,PR
6928,NI,PR
6929,NI,PR
6930,NI,SC
6931,NI,DF
6932,NI,PR
6933,NI,PR
6934,NI,PR
6935,NI,PR
6936,NI,PR
6937,NI,PR
6938,NI,PR
6939,NI,SC
6940,NI,PR
6941,NI,PR
6942,NI,SC
6943,NI,PR
6944,NI,PR
6945,NI,PR
6946,NI,PR
6947,NI,BA
6948,NI,BA
6949,NI,PR
6950,NI,MT
6951,NI,MA
6952,NI,PR
6953,NI,PR
6954,NI,PR
6955,NI,BA
6956,NI,BA
6958,NI,BA
6959,NI,BA
6960,NI,BA
6961,NI,BA
6962,NI,MG
6963,NI,MG
6964,NI,BA
6965,NI,BA
6966,NI,BA
6967,NI,BA
6968,NI,BA
6969,NI,BA
6970,NI,BA
6971,NI,BA
6972,NI,BA
6973,NI,BA
6974,NI,PI
6975,NI,BA
6976,NI,BA
6977,NI,PR
6978,NI,PR
6979,NI,PR
6980,NI,PR
6981,NI,PB
6982,NI,PR
6983,NI,PR
6984,NI,PR
6985,NI,PR
6986,NI,PR
6987,NI,PR
6988,NI,PR
6989,NI,PR
6990,NI,PR
6991,NI,PR
6992,NI,PR
6993,NI,PR
6994,NI,PR
6995,NI,PR
6996,NI,PR
6997,NI,PR
6998,NI,PR
6999,NI,PR
7000,NI,PR
7001,NI,PR
7002,NI,PR
7003,NI,PR
7004,NI,SC
7005,NI,SC
7006,NI,PR
7007,NI,SP
7008,NI,PR
7009,NI,PR
7010,NI,PR
7011,NI,PR
7012,NI,PR
7013,NI,PR
7014,NI,PR
7015,NI,PR
7016,NI,PR
7017,NI,PR
7018,NI,PR
7019,NI,MG
7020,NI,PR
7021,NI,PR
7022,NI,PR
7023,NI,PR
7024,NI,PR
7025,NI,PR
7026,NI,SP
7027,NI,MS
7028,NI,BA
7029,NI,PR
7030,NI,BA
7031,NI,SP
7032,NI,PR
7033,NI,PR
7034,NI,BA
7035,NI,BA
7036,NI,PR
7037,NI,SC
7038,NI,SP
7039,NI,PR
7040,NI,PR
7041,NI,PR
7042,NI,PR
7043,NI,PR
7044,NI,PR
7045,NI,PR
7046,NI,PR
7047,NI,PR
7048,NI,MS
7049,NI,RS
7050,NI,RS
7051,NI,MS
7052,NI,MS
7053,NI,MS
7054,NI,MS
7055,NI,PR
7056,NI,RJ
7057,NI,MG
7058,NI,PR
7059,NI,PR
7060,NI,PR
7061,NI,MG
7062,NI,MG
7063,NI,MG
7064,NI,RJ
7065,NI,MG
7066,NI,MG
7067,NI,MS
7068,NI,PR
7069,NI,GO
7070,NI,PR
7071,NI,PR
7072,NI,BA
7073,NI,BA
7074,NI,BA
7075,NI,RJ
7076,NI,RJ
7077,NI,RJ
7078,NI,MA
7079,NI,SC
7080,NI,SC
7081,NI,MG
7082,NI,AM
7083,NI,MG
7084,NI,MG
7085,NI,MG
7086,NI,MG
7087,NI,MG
7088,NI,MG
7089,NI,MG
7090,NI,AM
7091,NI,RO
7092,NI,MG
7093,NI,PR
7094,NI,PR
7095,NI,PR
7096,NI,PR
7097,NI,PR
7098,NI,
7099,NI,PR
7100,NI,BA
7101,NI,PR
7102,NI,SP
7103,NI,PR
7104,NI,PR
7105,NI,PR
7106,NI,PR
7107,NI,PR
7108,NI,PR
7109,NI,PR
7110,NI,PR
7111,NI,PR
7112,NI,PR
7113,NI,PR
7114,NI,PR
7115,NI,PR
7116,NI,PR
7117,NI,PR
7118,NI,PR
7119,NI,PR
7120,NI,PR
7121,NI,PR
7122,NI,PR
7123,NI,PR
7124,NI,PR
7125,NI,PR
7126,NI,PR
7127,NI,PR
7128,NI,PR
7129,NI,PR
7130,NI,PR
7131,NI,PR
7132,NI,PR
7133,NI,PR
7134,NI,PR
7135,NI,PR
7136,NI,PR
7137,NI,PR
7138,NI,PR
7139,NI,PR
7140,NI,RS
7141,NI,PR
7142,NI,PR
7143,NI,PR
7144,NI,MS
7145,NI,SP
7146,NI,SP
7147,NI,PR
7148,NI,SC
7149,NI,PR
7150,NI,PR
7151,NI,PR
7152,NI,SC
7153,NI,PR
7154,NI,MG
7155,NI,PR
7156,NI,SC
7157,NI,MG
7158,NI,BA
7159,NI,PR
7160,NI,PR
7161,NI,PR
7162,NI,PR
7163,NI,PR
7164,NI,SC
7165,NI,PR
7166,NI,PR
7167,NI,PR
7168,NI,PR
7169,NI,PR
7170,NI,ES
7171,NI,MS
7172,NI,MS
7173,NI,PR
7174,NI,PR
7175,NI,PR
7176,NI,PR
7177,NI,PR
7178,NI,MS
7179,NI,PR
7180,NI,PR
7181,NI,PR
7182,NI,PR
7183,NI,PR
7184,NI,PR
7185,NI,PR
7186,NI,GO
7187,NI,GO
7188,NI,GO
7189,NI,GO
